{"stats":{"minecraft:custom":{"minecraft:animals_bred":10,"minecraft:interact_with_crafting_table":109,"minecraft:open_barrel":48,"minecraft:bell_ring":1,"minecraft:leave_game":7,"minecraft:time_since_death":27348,"minecraft:sprint_one_cm":3128537,"minecraft:damage_blocked_by_shield":716,"minecraft:drop":77,"minecraft:talked_to_villager":19,"minecraft:play_time":787566,"minecraft:deaths":18,"minecraft:jump":12242,"minecraft:walk_on_water_one_cm":105368,"minecraft:enchant_item":6,"minecraft:interact_with_furnace":75,"minecraft:traded_with_villager":2,"minecraft:interact_with_loom":1,"minecraft:sleep_in_bed":38,"minecraft:damage_dealt":22947,"minecraft:player_kills":1,"minecraft:crouch_one_cm":82801,"minecraft:inspect_dispenser":40,"minecraft:horse_one_cm":18517,"minecraft:interact_with_smithing_table":1,"minecraft:inspect_dropper":1,"minecraft:interact_with_anvil":6,"minecraft:mob_kills":149,"minecraft:inspect_hopper":1,"minecraft:climb_one_cm":32356,"minecraft:walk_one_cm":2779203,"minecraft:damage_dealt_absorbed":1151,"minecraft:sneak_time":19778,"minecraft:walk_under_water_one_cm":72433,"minecraft:interact_with_blast_furnace":3,"minecraft:total_world_time":787566,"minecraft:interact_with_grindstone":4,"minecraft:interact_with_stonecutter":8,"minecraft:time_since_rest":27376,"minecraft:damage_taken":13063,"minecraft:swim_one_cm":383980,"minecraft:fly_one_cm":4999548,"minecraft:open_chest":374,"minecraft:fall_one_cm":364189},"minecraft:picked_up":{"minecraft:iron_chestplate":5,"minecraft:wheat":195,"minecraft:chainmail_boots":3,"minecraft:lead":7,"minecraft:enchanted_book":1,"minecraft:string":24,"minecraft:dark_oak_trapdoor":3,"minecraft:raw_copper":188,"minecraft:iron_leggings":6,"magistuarmory:copper_ranseur":2,"minecraft:cobbled_deepslate":1,"minecraft:gold_nugget":867,"minecraft:smooth_stone":150,"minecraft:spruce_planks":5,"magistuarmory:iron_concavehalberd":4,"minecraft:red_dye":1,"minecraft:redstone_torch":6,"minecraft:cobblestone_slab":197,"minecraft:azalea":16,"minecraft:iron_pickaxe":10,"minecraft:furnace":2,"minecraft:iron_boots":5,"minecraft:golden_helmet":2,"minecraft:stick":39,"minecraft:big_dripleaf":16,"minecraft:acacia_log":7,"minecraft:torch":6,"minecraft:green_bed":1,"epicfight:skillbook":5,"minecraft:pointed_dripstone":8,"minecraft:diorite":298,"magistuarmory:rustedcrusader_chestplate":5,"minecraft:golden_chestplate":1,"minecraft:rabbit_foot":3,"minecraft:black_dye":1,"minecraft:stone_sword":1,"minecraft:rotten_flesh":117,"minecraft:tropical_fish":2,"minecraft:iron_block":4,"minecraft:blue_dye":1,"minecraft:glowstone":6,"minecraft:cobblestone":1254,"minecraft:magma_block":4,"minecraft:leather_chestplate":1,"minecraft:feather":1,"minecraft:cooked_beef":18,"magistuarmory:rustedchainmail_boots":6,"minecraft:water_bucket":3,"minecraft:andesite":24,"minecraft:jungle_log":105,"minecraft:potato":194,"magistuarmory:ceremonialarmet":1,"minecraft:magenta_dye":1,"magistuarmory:hilt":3,"minecraft:lantern":4,"minecraft:map":2,"minecraft:lapis_lazuli":158,"minecraft:dirt":432,"minecraft:leather_boots":1,"minecraft:bone":23,"minecraft:bow":3,"magistuarmory:copper_concavehalberd":2,"minecraft:wheat_seeds":610,"minecraft:light_blue_dye":1,"magistuarmory:steel_heatershield":8,"minecraft:rabbit":5,"minecraft:glowstone_dust":77,"minecraft:powered_rail":15,"minecraft:moss_block":7,"minecraft:oak_planks":12,"minecraft:dropper":3,"minecraft:sand":43,"magistuarmory:steel_pavese":2,"minecraft:dark_oak_log":168,"minecraft:polished_andesite":5,"minecraft:dispenser":8,"minecraft:diamond":3,"magistuarmory:leather_strip":10,"minecraft:cracked_polished_blackstone_bricks":2,"magistuarmory:corruptedroundshield":8,"minecraft:granite":33,"minecraft:bone_meal":8,"minecraft:bread":17,"minecraft:rooted_dirt":1,"minecraft:netherrack":223,"minecraft:diamond_pickaxe":3,"minecraft:cocoa_beans":3,"minecraft:charcoal":4,"minecraft:crafting_table":5,"magistuarmory:iron_lochaberaxe":9,"minecraft:chicken":1,"minecraft:clay_ball":27,"minecraft:leather_leggings":3,"minecraft:moss_carpet":2,"magistuarmory:ceremonial_chestplate":1,"minecraft:iron_axe":2,"minecraft:blackstone":28,"minecraft:beef":8,"minecraft:observer":7,"minecraft:minecart":4,"minecraft:quartz_stairs":35,"minecraft:sugar_cane":723,"minecraft:chest":17,"minecraft:raw_iron":88,"minecraft:copper_ingot":8,"minecraft:polished_blackstone_bricks":5,"minecraft:white_dye":1,"minecraft:redstone":15,"minecraft:dark_oak_planks":64,"minecraft:arrow":31,"minecraft:shears":3,"minecraft:glow_berries":23,"minecraft:mutton":20,"minecraft:rail":161,"minecraft:white_wool":15,"magistuarmory:rustedhalfarmor_chestplate":3,"minecraft:basalt":60,"minecraft:glow_ink_sac":14,"minecraft:leather":1,"minecraft:filled_map":1,"minecraft:oak_log":10,"minecraft:cobblestone_wall":3,"minecraft:gunpowder":11,"minecraft:cobblestone_stairs":8,"minecraft:white_banner":3,"minecraft:cooked_mutton":17,"minecraft:red_carpet":81,"minecraft:apple":1,"minecraft:warped_stem":1,"minecraft:stone_pickaxe":2,"minecraft:rabbit_hide":2,"minecraft:iron_ingot":60,"minecraft:soul_sand":14,"minecraft:flowering_azalea":22,"minecraft:green_dye":1,"magistuarmory:rustedchainmail_chestplate":1,"minecraft:quartz":1216,"minecraft:dripstone_block":10,"magistuarmory:pantyhose":1,"magistuarmory:rustednorman_helmet":4,"epicfight:uchigatana":7,"minecraft:white_bed":7,"minecraft:spruce_log":20,"magistuarmory:rustedchainmail_leggings":6,"minecraft:spider_eye":8,"minecraft:leather_helmet":1,"minecraft:stripped_jungle_log":2,"magistuarmory:rustedchainmail_helmet":3,"minecraft:diamond_shovel":9,"minecraft:stone_axe":6,"magistuarmory:rusted_bastardsword":7,"magistuarmory:rustedcrusader_boots":9,"minecraft:iron_helmet":7,"minecraft:cherry_sapling":7,"minecraft:oak_button":1,"minecraft:baked_potato":848,"minecraft:black_wool":1,"minecraft:pink_dye":2,"minecraft:coal":20,"minecraft:ender_pearl":4},"minecraft:killed_by":{"minecraft:pillager":1,"minecraft:piglin":3,"minecraft:zombie":5,"minecraft:player":1,"minecraft:spider":1,"minecraft:skeleton":3},"minecraft:used":{"minecraft:moss_block":6,"minecraft:moss_carpet":2,"magistuarmory:rustedchainmail_boots":3,"minecraft:dispenser":10,"minecraft:chest":12,"magistuarmory:rustednorman_helmet":1,"minecraft:quartz_stairs":57,"minecraft:rotten_flesh":3,"minecraft:iron_chestplate":3,"magistuarmory:copper_ranseur":17,"magistuarmory:steel_pavese":2,"minecraft:milk_bucket":1,"minecraft:glass":29,"minecraft:lantern":6,"minecraft:iron_helmet":4,"minecraft:hopper_minecart":1,"minecraft:red_carpet":86,"minecraft:magma_block":3,"minecraft:bow":3,"magistuarmory:pantyhose":1,"minecraft:furnace":2,"magistuarmory:rusted_bastardsword":9,"minecraft:potato":63,"magistuarmory:rustedchainmail_leggings":1,"epicfight:skillbook":5,"magistuarmory:iron_concavehalberd":14,"minecraft:stone_pickaxe":210,"minecraft:powered_rail":8,"minecraft:blackstone":2,"minecraft:wooden_pickaxe":59,"minecraft:leather_chestplate":1,"minecraft:clay":2,"minecraft:sugar_cane":1,"minecraft:glow_berries":9,"minecraft:dark_oak_trapdoor":15,"minecraft:sand":14,"minecraft:dripstone_block":1,"minecraft:redstone_torch":7,"magistuarmory:iron_lochaberaxe":209,"minecraft:bread":26,"minecraft:golden_helmet":3,"minecraft:chainmail_boots":1,"minecraft:cooked_rabbit":1,"minecraft:andesite":7,"minecraft:bone_meal":8,"magistuarmory:rustedcrusader_chestplate":1,"minecraft:tropical_fish":1,"minecraft:stone_shovel":91,"minecraft:redstone":11,"minecraft:spruce_planks":51,"minecraft:cooked_chicken":1,"minecraft:netherrack":170,"minecraft:torch":14,"minecraft:dirt":183,"minecraft:hopper":6,"minecraft:cobblestone_wall":76,"minecraft:granite":1,"minecraft:dark_oak_planks":86,"minecraft:flowering_azalea":4,"minecraft:filled_map":1,"minecraft:iron_axe":81,"minecraft:jungle_log":3,"minecraft:iron_boots":3,"epicfight:diamond_tachi":18,"minecraft:basalt":56,"minecraft:minecart":4,"magistuarmory:rustedcrusader_boots":3,"minecraft:cooked_beef":10,"minecraft:cobbled_deepslate":1,"minecraft:observer":11,"minecraft:iron_leggings":1,"minecraft:pointed_dripstone":1,"minecraft:wheat_seeds":194,"minecraft:cooked_mutton":17,"minecraft:water_bucket":8,"minecraft:cobblestone_stairs":8,"minecraft:polished_andesite":3,"minecraft:baked_potato":162,"minecraft:green_bed":1,"minecraft:cobblestone_slab":552,"minecraft:leather_boots":1,"minecraft:polished_blackstone_bricks":1,"minecraft:rail":203,"minecraft:crafting_table":6,"minecraft:white_bed":12,"magistuarmory:copper_lochaberaxe":53,"minecraft:diamond_pickaxe":238,"minecraft:apple":9,"minecraft:diamond_shovel":311,"minecraft:oak_button":1,"minecraft:iron_pickaxe":1927,"minecraft:map":1,"minecraft:leather_helmet":1,"minecraft:stone_axe":75,"magistuarmory:steel_heatershield":11,"minecraft:cobblestone":58,"minecraft:white_banner":5,"minecraft:bucket":9,"epicfight:uchigatana":22,"minecraft:smooth_stone":154,"magistuarmory:copper_concavehalberd":11},"minecraft:killed":{"minecraft:witch":1,"minecraft:spider":11,"minecraft:skeleton":16,"minecraft:chicken":1,"minecraft:tropical_fish":1,"minecraft:magma_cube":12,"minecraft:piglin":12,"minecraft:zombie_villager":1,"minecraft:iron_golem":1,"minecraft:creeper":7,"minecraft:sheep":13,"minecraft:pillager":1,"minecraft:zombie":42,"minecraft:glow_squid":3,"minecraft:cow":4,"minecraft:husk":10,"minecraft:rabbit":3,"minecraft:enderman":2},"minecraft:mined":{"minecraft:dark_oak_planks":2,"minecraft:spruce_planks":4,"minecraft:white_bed":7,"minecraft:cobblestone_stairs":8,"minecraft:cave_vines_plant":10,"minecraft:granite":33,"minecraft:acacia_log":7,"minecraft:grass_block":149,"minecraft:jungle_log":88,"minecraft:cracked_polished_blackstone_bricks":2,"minecraft:smooth_stone":80,"minecraft:polished_blackstone_bricks":3,"minecraft:magma_block":4,"minecraft:glowstone":26,"minecraft:dark_oak_trapdoor":3,"minecraft:iron_ore":16,"minecraft:fire":9,"minecraft:moss_carpet":1,"minecraft:pointed_dripstone":4,"minecraft:cave_vines":16,"minecraft:dirt_path":2,"minecraft:azalea":14,"minecraft:white_banner":2,"minecraft:green_bed":1,"minecraft:blackstone":2,"minecraft:clay":4,"minecraft:torch":1,"minecraft:chest":2,"minecraft:dead_bush":16,"minecraft:glass":9,"minecraft:nether_quartz_ore":459,"minecraft:cobblestone":24,"minecraft:sugar_cane":466,"minecraft:wall_torch":5,"minecraft:powered_rail":8,"minecraft:wheat":195,"minecraft:grass":31,"minecraft:oak_log":10,"minecraft:sand":44,"minecraft:dirt":252,"minecraft:dispenser":6,"minecraft:netherrack":209,"minecraft:deepslate":1,"minecraft:oak_leaves":1,"minecraft:nether_gold_ore":69,"magistuarmory:pavise":1,"minecraft:red_carpet":48,"minecraft:quartz_stairs":2,"minecraft:deepslate_diamond_ore":3,"minecraft:redstone_wire":3,"minecraft:moss_block":5,"minecraft:rooted_dirt":1,"minecraft:spore_blossom":1,"minecraft:furnace":1,"minecraft:andesite":24,"minecraft:potatoes":52,"minecraft:deepslate_iron_ore":9,"minecraft:cobblestone_slab":116,"minecraft:vine":19,"minecraft:rail":101,"minecraft:lantern":3,"minecraft:warped_stem":1,"minecraft:stripped_jungle_log":1,"minecraft:stone":938,"minecraft:redstone_wall_torch":1,"minecraft:flowering_azalea":16,"minecraft:basalt":62,"minecraft:observer":7,"minecraft:crafting_table":4,"minecraft:tall_grass":7,"minecraft:copper_ore":35,"minecraft:lapis_ore":2,"minecraft:diorite":154,"minecraft:big_dripleaf":1,"minecraft:cobblestone_wall":3,"minecraft:redstone_torch":1,"minecraft:spruce_log":20,"minecraft:white_wall_banner":1,"minecraft:coal_ore":21,"minecraft:gravel":1,"minecraft:dripstone_block":6,"minecraft:polished_andesite":5,"minecraft:small_dripleaf":1,"minecraft:fern":1,"magistuarmory:pavise_upper_collision":1},"minecraft:dropped":{"minecraft:baked_potato":417,"minecraft:jungle_fence":66,"minecraft:glow_berries":7,"magistuarmory:iron_lochaberaxe":1,"minecraft:red_carpet":37,"minecraft:emerald":1,"minecraft:cobblestone_stairs":8,"minecraft:cracked_polished_blackstone_bricks":2,"minecraft:dirt":2,"magistuarmory:steel_heatershield":1,"minecraft:polished_blackstone_bricks":1,"minecraft:iron_pickaxe":1,"minecraft:iron_nugget":1,"minecraft:pointed_dripstone":1,"minecraft:cherry_sapling":7,"minecraft:rotten_flesh":18,"minecraft:diamond_shovel":1,"minecraft:cooked_mutton":1,"minecraft:rabbit_hide":1,"minecraft:gunpowder":3,"minecraft:basalt":4,"minecraft:arrow":3,"minecraft:quartz":1,"minecraft:wheat_seeds":3,"minecraft:cobblestone":198,"minecraft:book":1,"magistuarmory:rustedcrusader_boots":1,"minecraft:gray_wool":8,"magistuarmory:ceremonialarmet":1,"minecraft:string":7,"magistuarmory:copper_concavehalberd":1,"minecraft:stone_sword":1,"minecraft:light_gray_wool":12,"magistuarmory:copper_ranseur":1,"minecraft:potato":55,"minecraft:stone":64,"minecraft:spruce_planks":2,"minecraft:andesite":5,"magistuarmory:ceremonial_chestplate":1,"minecraft:spider_eye":3,"epicfight:skillbook":1},"minecraft:broken":{"magistuarmory:rustedchainmail_boots":1,"minecraft:wooden_pickaxe":1,"minecraft:iron_pickaxe":6,"magistuarmory:rustednorman_helmet":1,"magistuarmory:rustedchainmail_leggings":1},"minecraft:crafted":{"minecraft:oak_planks":24,"minecraft:cobblestone_slab":522,"magistuarmory:iron_lochaberaxe":1,"minecraft:cooked_chicken":1,"minecraft:stone":64,"minecraft:cobblestone_stairs":8,"magistuarmory:iron_concavehalberd":1,"minecraft:cooked_mutton":17,"minecraft:warped_planks":4,"minecraft:quartz_block":74,"minecraft:glass":29,"minecraft:hopper":7,"minecraft:bow":3,"minecraft:iron_boots":1,"minecraft:chest":17,"minecraft:rail":112,"magistuarmory:pole":6,"magistuarmory:copper_lochaberaxe":1,"minecraft:cooked_rabbit":1,"minecraft:white_banner":2,"minecraft:dropper":2,"minecraft:quartz_stairs":16,"minecraft:crafting_table":4,"minecraft:spruce_planks":80,"minecraft:iron_helmet":1,"minecraft:wooden_pickaxe":1,"minecraft:baked_potato":104,"minecraft:copper_ingot":15,"minecraft:hopper_minecart":1,"minecraft:dispenser":4,"minecraft:iron_chestplate":1,"minecraft:diamond_pickaxe":1,"minecraft:charcoal":29,"minecraft:stick":192,"minecraft:iron_ingot":97,"minecraft:iron_pickaxe":8,"minecraft:gold_ingot":21,"minecraft:redstone_torch":4,"magistuarmory:rusted_bastardsword":1,"magistuarmory:pantyhose":1,"minecraft:shears":5,"magistuarmory:leather_strip":18,"minecraft:redstone":4,"minecraft:stone_shovel":1,"minecraft:iron_nugget":36,"magistuarmory:wood_heatershield":1,"minecraft:furnace":1,"minecraft:dark_oak_trapdoor":26,"minecraft:bone_meal":33,"magistuarmory:rustedcrusader_boots":1,"magistuarmory:hilt":13,"minecraft:lantern":4,"magistuarmory:steel_heatershield":1,"minecraft:iron_axe":1,"magistuarmory:steel_ingot":5,"minecraft:stone_pickaxe":2,"magistuarmory:copper_shortsword":1,"magistuarmory:woolen_fabric":6,"minecraft:jungle_fence":66,"minecraft:dark_oak_planks":152,"minecraft:golden_helmet":1,"minecraft:minecart":2,"minecraft:observer":4,"minecraft:cooked_beef":8,"magistuarmory:corruptedroundshield":2,"minecraft:bucket":1,"magistuarmory:rustedchainmail_leggings":2,"minecraft:red_carpet":75,"minecraft:stone_axe":1,"minecraft:glowstone":3,"minecraft:jungle_planks":244,"minecraft:bread":21,"minecraft:air":0,"magistuarmory:copper_ranseur":1,"minecraft:white_wool":2,"minecraft:iron_leggings":1,"magistuarmory:copper_concavehalberd":1,"minecraft:white_bed":5,"minecraft:acacia_planks":28,"minecraft:torch":16,"magistuarmory:rustedcrusader_chestplate":1,"minecraft:clay":2}},"DataVersion":3465}