{"stats":{"minecraft:dropped":{"minecraft:wheat_seeds":1,"minecraft:cobblestone":6,"magistuarmory:iron_lochaberaxe":1,"magistuarmory:ceremonialarmet":1,"minecraft:iron_pickaxe":1,"minecraft:string":7,"magistuarmory:copper_concavehalberd":1,"minecraft:stone_sword":1,"minecraft:cherry_sapling":7,"minecraft:rotten_flesh":15,"minecraft:diamond_shovel":1,"magistuarmory:copper_ranseur":1,"minecraft:cooked_mutton":1,"minecraft:gunpowder":3,"minecraft:spruce_planks":1,"minecraft:andesite":3,"magistuarmory:ceremonial_chestplate":1,"minecraft:spider_eye":3,"minecraft:arrow":1,"epicfight:skillbook":1},"minecraft:killed_by":{"minecraft:player":1,"minecraft:pillager":1,"minecraft:skeleton":2,"minecraft:zombie":2},"minecraft:crafted":{"minecraft:oak_planks":20,"minecraft:cobblestone_slab":450,"minecraft:stone_shovel":1,"magistuarmory:iron_lochaberaxe":1,"minecraft:cooked_chicken":1,"magistuarmory:wood_heatershield":1,"minecraft:furnace":1,"minecraft:cobblestone_stairs":8,"minecraft:cooked_mutton":17,"minecraft:glass":28,"magistuarmory:hilt":9,"minecraft:hopper":3,"magistuarmory:steel_heatershield":1,"minecraft:iron_boots":1,"magistuarmory:steel_ingot":5,"minecraft:stone_pickaxe":2,"magistuarmory:copper_shortsword":1,"minecraft:chest":9,"magistuarmory:woolen_fabric":6,"minecraft:rail":32,"magistuarmory:pole":4,"magistuarmory:copper_lochaberaxe":1,"minecraft:cooked_rabbit":1,"minecraft:minecart":2,"minecraft:observer":4,"minecraft:cooked_beef":8,"minecraft:dropper":2,"minecraft:crafting_table":3,"minecraft:iron_helmet":1,"minecraft:wooden_pickaxe":1,"minecraft:baked_potato":40,"minecraft:copper_ingot":15,"minecraft:hopper_minecart":1,"minecraft:stone_axe":1,"minecraft:bread":21,"minecraft:air":0,"minecraft:jungle_planks":72,"magistuarmory:copper_ranseur":1,"minecraft:white_wool":2,"minecraft:iron_chestplate":1,"minecraft:charcoal":8,"minecraft:stick":40,"minecraft:iron_ingot":67,"minecraft:iron_pickaxe":3,"minecraft:iron_leggings":1,"magistuarmory:copper_concavehalberd":1,"minecraft:white_bed":2,"minecraft:redstone_torch":1,"minecraft:acacia_planks":28,"minecraft:torch":12,"magistuarmory:pantyhose":1,"magistuarmory:leather_strip":18},"minecraft:killed":{"minecraft:spider":9,"minecraft:skeleton":14,"minecraft:chicken":1,"minecraft:husk":6,"minecraft:zombie_villager":1,"minecraft:rabbit":1,"minecraft:iron_golem":1,"minecraft:creeper":6,"minecraft:sheep":13,"minecraft:pillager":1,"minecraft:zombie":23,"minecraft:cow":4},"minecraft:custom":{"minecraft:inspect_dropper":1,"minecraft:interact_with_anvil":2,"minecraft:mob_kills":86,"minecraft:animals_bred":10,"minecraft:inspect_hopper":1,"minecraft:interact_with_crafting_table":70,"minecraft:open_barrel":18,"minecraft:bell_ring":1,"minecraft:leave_game":3,"minecraft:time_since_death":37371,"minecraft:climb_one_cm":17576,"minecraft:sprint_one_cm":1395437,"minecraft:walk_one_cm":1486314,"minecraft:damage_blocked_by_shield":716,"minecraft:drop":31,"minecraft:damage_dealt_absorbed":1082,"minecraft:talked_to_villager":2,"minecraft:play_time":348083,"minecraft:sneak_time":3043,"minecraft:deaths":6,"minecraft:walk_under_water_one_cm":29942,"minecraft:jump":5488,"minecraft:interact_with_blast_furnace":3,"minecraft:walk_on_water_one_cm":64166,"minecraft:enchant_item":2,"minecraft:total_world_time":348083,"minecraft:interact_with_furnace":52,"minecraft:sleep_in_bed":13,"minecraft:time_since_rest":35788,"minecraft:damage_taken":4594,"minecraft:damage_dealt":15182,"minecraft:player_kills":1,"minecraft:swim_one_cm":257998,"minecraft:fly_one_cm":2358891,"minecraft:open_chest":141,"minecraft:crouch_one_cm":7619,"minecraft:fall_one_cm":155649},"minecraft:picked_up":{"minecraft:cocoa_beans":3,"minecraft:charcoal":4,"minecraft:iron_chestplate":2,"minecraft:crafting_table":5,"magistuarmory:iron_lochaberaxe":5,"minecraft:wheat":195,"minecraft:chicken":1,"minecraft:lead":1,"minecraft:string":16,"minecraft:raw_copper":78,"magistuarmory:ceremonial_chestplate":1,"minecraft:iron_leggings":3,"magistuarmory:copper_ranseur":2,"minecraft:spruce_planks":1,"minecraft:beef":8,"minecraft:redstone_torch":2,"minecraft:cobblestone_slab":116,"minecraft:observer":2,"minecraft:iron_pickaxe":4,"minecraft:sugar_cane":200,"minecraft:chest":17,"minecraft:iron_boots":2,"minecraft:furnace":2,"minecraft:stick":32,"minecraft:raw_iron":4,"minecraft:copper_ingot":8,"minecraft:torch":2,"minecraft:acacia_log":7,"epicfight:skillbook":4,"minecraft:diorite":15,"minecraft:redstone":8,"magistuarmory:rustedcrusader_chestplate":1,"minecraft:stone_sword":1,"minecraft:arrow":17,"minecraft:rotten_flesh":53,"minecraft:iron_block":4,"minecraft:mutton":20,"minecraft:rail":75,"minecraft:white_wool":15,"minecraft:cobblestone":864,"minecraft:leather_chestplate":1,"minecraft:feather":1,"minecraft:cooked_beef":7,"minecraft:andesite":5,"minecraft:jungle_log":41,"minecraft:leather":1,"minecraft:potato":194,"magistuarmory:ceremonialarmet":1,"magistuarmory:hilt":3,"minecraft:oak_log":9,"minecraft:gunpowder":9,"minecraft:cobblestone_stairs":8,"minecraft:lapis_lazuli":14,"minecraft:dirt":408,"minecraft:leather_boots":1,"minecraft:cooked_mutton":17,"minecraft:bone":19,"magistuarmory:copper_concavehalberd":2,"minecraft:bow":2,"minecraft:wheat_seeds":608,"minecraft:rabbit_hide":1,"minecraft:stone_pickaxe":2,"minecraft:iron_ingot":12,"magistuarmory:steel_heatershield":4,"minecraft:rabbit":1,"minecraft:powered_rail":8,"minecraft:oak_planks":12,"minecraft:quartz":4,"minecraft:dropper":3,"magistuarmory:pantyhose":1,"minecraft:sand":42,"magistuarmory:rustednorman_helmet":4,"epicfight:uchigatana":3,"magistuarmory:steel_pavese":2,"minecraft:white_bed":4,"minecraft:spider_eye":7,"minecraft:leather_helmet":1,"minecraft:stripped_jungle_log":2,"minecraft:polished_andesite":5,"minecraft:diamond_shovel":6,"minecraft:stone_axe":5,"magistuarmory:rusted_bastardsword":6,"magistuarmory:leather_strip":10,"magistuarmory:rustedcrusader_boots":3,"magistuarmory:corruptedroundshield":1,"minecraft:granite":33,"minecraft:cherry_sapling":7,"minecraft:bread":17,"minecraft:baked_potato":3,"minecraft:coal":15},"minecraft:broken":{"minecraft:wooden_pickaxe":1,"minecraft:iron_pickaxe":2},"minecraft:used":{"minecraft:stone_shovel":91,"minecraft:redstone":4,"minecraft:chest":8,"magistuarmory:rustednorman_helmet":1,"minecraft:cooked_chicken":1,"minecraft:rotten_flesh":3,"minecraft:iron_chestplate":2,"minecraft:torch":14,"minecraft:dirt":162,"minecraft:hopper":2,"magistuarmory:copper_ranseur":17,"magistuarmory:steel_pavese":2,"minecraft:granite":1,"minecraft:glass":5,"minecraft:jungle_log":3,"minecraft:iron_boots":2,"minecraft:hopper_minecart":1,"epicfight:diamond_tachi":18,"magistuarmory:pantyhose":1,"minecraft:furnace":2,"magistuarmory:rusted_bastardsword":3,"magistuarmory:rustedcrusader_boots":1,"minecraft:cooked_beef":6,"minecraft:potato":63,"minecraft:observer":6,"minecraft:wheat_seeds":194,"minecraft:cooked_mutton":17,"epicfight:skillbook":4,"minecraft:cobblestone_stairs":8,"minecraft:powered_rail":4,"minecraft:baked_potato":37,"minecraft:stone_pickaxe":200,"minecraft:polished_andesite":3,"minecraft:wooden_pickaxe":59,"minecraft:leather_chestplate":1,"minecraft:cobblestone_slab":489,"minecraft:leather_boots":1,"minecraft:rail":51,"minecraft:sand":14,"minecraft:crafting_table":5,"minecraft:white_bed":6,"magistuarmory:copper_lochaberaxe":53,"minecraft:redstone_torch":3,"magistuarmory:iron_lochaberaxe":120,"minecraft:diamond_shovel":287,"minecraft:iron_pickaxe":751,"minecraft:bread":26,"minecraft:leather_helmet":1,"minecraft:stone_axe":55,"magistuarmory:steel_heatershield":11,"minecraft:cobblestone":54,"minecraft:cooked_rabbit":1,"epicfight:uchigatana":22,"magistuarmory:copper_concavehalberd":11},"minecraft:mined":{"magistuarmory:pavise":1,"minecraft:spruce_planks":1,"minecraft:white_bed":4,"minecraft:cobblestone_stairs":8,"minecraft:granite":33,"minecraft:acacia_log":7,"minecraft:grass_block":141,"minecraft:jungle_log":24,"minecraft:furnace":1,"minecraft:iron_ore":4,"minecraft:andesite":5,"minecraft:dirt_path":2,"minecraft:potatoes":52,"minecraft:cobblestone_slab":85,"minecraft:vine":6,"minecraft:rail":24,"minecraft:stripped_jungle_log":1,"minecraft:stone":766,"minecraft:redstone_wall_torch":1,"minecraft:observer":2,"minecraft:crafting_table":4,"minecraft:torch":1,"minecraft:chest":2,"minecraft:dead_bush":7,"minecraft:tall_grass":3,"minecraft:copper_ore":19,"minecraft:cobblestone":14,"minecraft:lapis_ore":2,"minecraft:sugar_cane":198,"minecraft:diorite":15,"minecraft:wall_torch":1,"minecraft:powered_rail":8,"minecraft:redstone_torch":1,"minecraft:wheat":195,"minecraft:grass":19,"minecraft:oak_log":9,"minecraft:coal_ore":15,"minecraft:gravel":1,"minecraft:sand":42,"minecraft:dirt":234,"minecraft:polished_andesite":5,"minecraft:oak_leaves":1,"minecraft:fern":1,"magistuarmory:pavise_upper_collision":1}},"DataVersion":3465}