{"stats":{"minecraft:dropped":{"minecraft:baked_potato":1,"magistuarmory:iron_lochaberaxe":1,"minecraft:dirt":2,"magistuarmory:steel_heatershield":1,"minecraft:iron_pickaxe":1,"minecraft:cherry_sapling":7,"minecraft:rotten_flesh":17,"minecraft:diamond_shovel":1,"minecraft:cooked_mutton":1,"minecraft:gunpowder":3,"minecraft:arrow":1,"minecraft:quartz":1,"minecraft:wheat_seeds":1,"minecraft:cobblestone":6,"magistuarmory:rustedcrusader_boots":1,"minecraft:gray_wool":8,"magistuarmory:ceremonialarmet":1,"minecraft:string":7,"magistuarmory:copper_concavehalberd":1,"minecraft:stone_sword":1,"minecraft:light_gray_wool":12,"magistuarmory:copper_ranseur":1,"minecraft:spruce_planks":1,"minecraft:andesite":3,"magistuarmory:ceremonial_chestplate":1,"minecraft:spider_eye":3,"epicfight:skillbook":1},"minecraft:killed_by":{"minecraft:pillager":1,"minecraft:zombie":4,"minecraft:player":1,"minecraft:spider":1,"minecraft:skeleton":2},"minecraft:crafted":{"minecraft:oak_planks":20,"minecraft:cobblestone_slab":498,"magistuarmory:iron_lochaberaxe":1,"minecraft:cooked_chicken":1,"minecraft:cobblestone_stairs":8,"minecraft:cooked_mutton":17,"minecraft:glass":29,"minecraft:hopper":3,"minecraft:bow":3,"minecraft:iron_boots":1,"minecraft:chest":9,"minecraft:rail":32,"magistuarmory:pole":4,"magistuarmory:copper_lochaberaxe":1,"minecraft:cooked_rabbit":1,"minecraft:dropper":2,"minecraft:crafting_table":3,"minecraft:wooden_pickaxe":1,"minecraft:baked_potato":104,"minecraft:iron_helmet":1,"minecraft:copper_ingot":15,"minecraft:hopper_minecart":1,"minecraft:dispenser":4,"minecraft:iron_chestplate":1,"minecraft:charcoal":29,"minecraft:stick":44,"minecraft:iron_ingot":76,"minecraft:iron_pickaxe":5,"minecraft:gold_ingot":14,"minecraft:redstone_torch":1,"magistuarmory:rusted_bastardsword":1,"magistuarmory:pantyhose":1,"minecraft:shears":4,"magistuarmory:leather_strip":18,"minecraft:stone_shovel":1,"magistuarmory:wood_heatershield":1,"minecraft:furnace":1,"magistuarmory:hilt":9,"magistuarmory:steel_heatershield":1,"minecraft:iron_axe":1,"magistuarmory:steel_ingot":5,"minecraft:stone_pickaxe":2,"magistuarmory:copper_shortsword":1,"magistuarmory:woolen_fabric":6,"minecraft:minecart":2,"minecraft:observer":4,"minecraft:cooked_beef":8,"minecraft:stone_axe":1,"minecraft:glowstone":3,"magistuarmory:copper_ranseur":1,"minecraft:bread":21,"minecraft:air":0,"minecraft:jungle_planks":72,"minecraft:white_wool":2,"magistuarmory:copper_concavehalberd":1,"minecraft:iron_leggings":1,"minecraft:white_bed":2,"minecraft:acacia_planks":28,"minecraft:torch":12},"minecraft:killed":{"minecraft:spider":11,"minecraft:skeleton":15,"minecraft:chicken":1,"minecraft:magma_cube":11,"minecraft:zombie_villager":1,"minecraft:iron_golem":1,"minecraft:creeper":7,"minecraft:sheep":13,"minecraft:pillager":1,"minecraft:zombie":38,"minecraft:cow":4,"minecraft:husk":6,"minecraft:rabbit":3,"minecraft:enderman":2},"minecraft:custom":{"minecraft:animals_bred":10,"minecraft:interact_with_crafting_table":82,"minecraft:open_barrel":29,"minecraft:bell_ring":1,"minecraft:leave_game":4,"minecraft:time_since_death":5074,"minecraft:sprint_one_cm":1870539,"minecraft:damage_blocked_by_shield":716,"minecraft:drop":40,"minecraft:talked_to_villager":9,"minecraft:play_time":524751,"minecraft:deaths":9,"minecraft:jump":7280,"minecraft:walk_on_water_one_cm":70239,"minecraft:enchant_item":4,"minecraft:interact_with_furnace":67,"minecraft:sleep_in_bed":23,"minecraft:damage_dealt":20500,"minecraft:player_kills":1,"minecraft:crouch_one_cm":24133,"minecraft:inspect_dispenser":32,"minecraft:horse_one_cm":18517,"minecraft:interact_with_smithing_table":1,"minecraft:inspect_dropper":1,"minecraft:mob_kills":120,"minecraft:interact_with_anvil":3,"minecraft:inspect_hopper":1,"minecraft:climb_one_cm":21214,"minecraft:walk_one_cm":1916143,"minecraft:damage_dealt_absorbed":1151,"minecraft:sneak_time":6953,"minecraft:walk_under_water_one_cm":35372,"minecraft:interact_with_blast_furnace":3,"minecraft:total_world_time":524751,"minecraft:interact_with_grindstone":2,"minecraft:time_since_rest":3714,"minecraft:damage_taken":6538,"minecraft:swim_one_cm":263558,"minecraft:fly_one_cm":3027021,"minecraft:open_chest":216,"minecraft:fall_one_cm":203838},"minecraft:picked_up":{"minecraft:iron_chestplate":2,"minecraft:wheat":195,"minecraft:chainmail_boots":3,"minecraft:lead":7,"minecraft:string":23,"minecraft:raw_copper":168,"minecraft:iron_leggings":6,"magistuarmory:copper_ranseur":2,"minecraft:gold_nugget":125,"minecraft:spruce_planks":1,"minecraft:red_dye":1,"minecraft:redstone_torch":2,"minecraft:cobblestone_slab":166,"minecraft:iron_pickaxe":7,"minecraft:iron_boots":5,"minecraft:furnace":2,"minecraft:stick":32,"minecraft:torch":2,"minecraft:acacia_log":7,"epicfight:skillbook":5,"minecraft:diorite":243,"magistuarmory:rustedcrusader_chestplate":4,"minecraft:golden_chestplate":1,"minecraft:rabbit_foot":3,"minecraft:black_dye":1,"minecraft:stone_sword":1,"minecraft:rotten_flesh":112,"minecraft:iron_block":4,"minecraft:blue_dye":1,"minecraft:glowstone":6,"minecraft:cobblestone":1162,"minecraft:feather":1,"minecraft:leather_chestplate":1,"minecraft:cooked_beef":7,"magistuarmory:rustedchainmail_boots":3,"minecraft:jungle_log":105,"minecraft:andesite":5,"minecraft:potato":194,"magistuarmory:ceremonialarmet":1,"minecraft:magenta_dye":1,"magistuarmory:hilt":3,"minecraft:dirt":431,"minecraft:lapis_lazuli":14,"minecraft:leather_boots":1,"minecraft:bone":20,"minecraft:bow":3,"magistuarmory:copper_concavehalberd":2,"minecraft:wheat_seeds":608,"minecraft:light_blue_dye":1,"magistuarmory:steel_heatershield":8,"minecraft:rabbit":5,"minecraft:glowstone_dust":18,"minecraft:powered_rail":8,"minecraft:oak_planks":12,"minecraft:dropper":3,"minecraft:sand":43,"magistuarmory:steel_pavese":2,"minecraft:polished_andesite":5,"minecraft:dispenser":8,"magistuarmory:leather_strip":10,"magistuarmory:corruptedroundshield":4,"minecraft:granite":33,"minecraft:bread":17,"minecraft:netherrack":83,"minecraft:charcoal":4,"minecraft:cocoa_beans":3,"minecraft:crafting_table":5,"magistuarmory:iron_lochaberaxe":8,"minecraft:chicken":1,"minecraft:leather_leggings":3,"magistuarmory:ceremonial_chestplate":1,"minecraft:iron_axe":2,"minecraft:blackstone":2,"minecraft:beef":8,"minecraft:observer":7,"minecraft:sugar_cane":723,"minecraft:chest":17,"minecraft:raw_iron":4,"minecraft:copper_ingot":8,"minecraft:white_dye":1,"minecraft:redstone":15,"minecraft:arrow":27,"minecraft:shears":3,"minecraft:white_wool":15,"minecraft:mutton":20,"minecraft:rail":75,"magistuarmory:rustedhalfarmor_chestplate":3,"minecraft:basalt":12,"minecraft:leather":1,"minecraft:oak_log":9,"minecraft:gunpowder":11,"minecraft:cobblestone_stairs":8,"minecraft:cooked_mutton":17,"minecraft:apple":1,"minecraft:rabbit_hide":2,"minecraft:iron_ingot":12,"minecraft:stone_pickaxe":2,"minecraft:green_dye":1,"magistuarmory:rustedchainmail_chestplate":1,"minecraft:quartz":389,"magistuarmory:pantyhose":1,"magistuarmory:rustednorman_helmet":4,"epicfight:uchigatana":6,"minecraft:white_bed":5,"magistuarmory:rustedchainmail_leggings":5,"minecraft:spider_eye":7,"minecraft:leather_helmet":1,"minecraft:stripped_jungle_log":2,"minecraft:diamond_shovel":9,"minecraft:stone_axe":6,"magistuarmory:rusted_bastardsword":6,"magistuarmory:rustedcrusader_boots":8,"minecraft:iron_helmet":2,"minecraft:cherry_sapling":7,"minecraft:baked_potato":82,"minecraft:black_wool":1,"minecraft:coal":19,"minecraft:pink_dye":2,"minecraft:ender_pearl":4},"minecraft:broken":{"minecraft:wooden_pickaxe":1,"minecraft:iron_pickaxe":4,"magistuarmory:rustednorman_helmet":1},"minecraft:used":{"minecraft:dispenser":10,"minecraft:chest":8,"magistuarmory:rustednorman_helmet":1,"minecraft:rotten_flesh":3,"minecraft:iron_chestplate":2,"magistuarmory:copper_ranseur":17,"magistuarmory:steel_pavese":2,"minecraft:glass":29,"minecraft:iron_helmet":1,"minecraft:hopper_minecart":1,"minecraft:bow":3,"magistuarmory:pantyhose":1,"minecraft:furnace":2,"magistuarmory:rusted_bastardsword":3,"minecraft:potato":63,"epicfight:skillbook":5,"minecraft:powered_rail":4,"minecraft:stone_pickaxe":210,"minecraft:blackstone":2,"minecraft:leather_chestplate":1,"minecraft:wooden_pickaxe":59,"minecraft:sugar_cane":1,"minecraft:sand":14,"minecraft:redstone_torch":3,"magistuarmory:iron_lochaberaxe":198,"minecraft:bread":26,"minecraft:chainmail_boots":1,"minecraft:cooked_rabbit":1,"magistuarmory:rustedcrusader_chestplate":1,"minecraft:stone_shovel":91,"minecraft:redstone":11,"minecraft:cooked_chicken":1,"minecraft:netherrack":83,"minecraft:torch":14,"minecraft:dirt":183,"minecraft:hopper":2,"minecraft:granite":1,"minecraft:iron_axe":78,"minecraft:jungle_log":3,"minecraft:iron_boots":3,"epicfight:diamond_tachi":18,"minecraft:basalt":12,"magistuarmory:rustedcrusader_boots":1,"minecraft:cooked_beef":6,"minecraft:observer":11,"minecraft:iron_leggings":1,"minecraft:wheat_seeds":194,"minecraft:cooked_mutton":17,"minecraft:cobblestone_stairs":8,"minecraft:polished_andesite":3,"minecraft:baked_potato":67,"minecraft:cobblestone_slab":534,"minecraft:leather_boots":1,"minecraft:rail":51,"minecraft:crafting_table":5,"minecraft:white_bed":7,"magistuarmory:copper_lochaberaxe":53,"minecraft:apple":9,"minecraft:diamond_shovel":311,"minecraft:iron_pickaxe":1208,"minecraft:leather_helmet":1,"minecraft:stone_axe":55,"magistuarmory:steel_heatershield":11,"minecraft:cobblestone":58,"epicfight:uchigatana":22,"magistuarmory:copper_concavehalberd":11},"minecraft:mined":{"minecraft:spruce_planks":1,"minecraft:white_bed":5,"minecraft:cobblestone_stairs":8,"minecraft:granite":33,"minecraft:acacia_log":7,"minecraft:grass_block":149,"minecraft:jungle_log":88,"minecraft:glowstone":6,"minecraft:iron_ore":4,"minecraft:dirt_path":2,"minecraft:blackstone":2,"minecraft:torch":1,"minecraft:chest":2,"minecraft:dead_bush":7,"minecraft:glass":9,"minecraft:nether_quartz_ore":129,"minecraft:cobblestone":21,"minecraft:sugar_cane":466,"minecraft:wall_torch":1,"minecraft:powered_rail":8,"minecraft:wheat":195,"minecraft:grass":24,"minecraft:oak_log":9,"minecraft:sand":43,"minecraft:dirt":251,"minecraft:dispenser":6,"minecraft:netherrack":83,"minecraft:oak_leaves":1,"magistuarmory:pavise":1,"minecraft:nether_gold_ore":33,"minecraft:redstone_wire":3,"minecraft:furnace":1,"minecraft:andesite":5,"minecraft:potatoes":52,"minecraft:cobblestone_slab":85,"minecraft:vine":19,"minecraft:rail":24,"minecraft:stripped_jungle_log":1,"minecraft:stone":849,"minecraft:redstone_wall_torch":1,"minecraft:basalt":12,"minecraft:observer":7,"minecraft:crafting_table":4,"minecraft:tall_grass":3,"minecraft:copper_ore":29,"minecraft:lapis_ore":2,"minecraft:diorite":99,"minecraft:redstone_torch":1,"minecraft:coal_ore":19,"minecraft:gravel":1,"minecraft:polished_andesite":5,"minecraft:fern":1,"magistuarmory:pavise_upper_collision":1}},"DataVersion":3465}