{"stats":{"minecraft:used":{"minecraft:stone_shovel":91,"minecraft:redstone":4,"minecraft:chest":6,"minecraft:cooked_chicken":1,"minecraft:rotten_flesh":3,"minecraft:torch":14,"minecraft:dirt":103,"magistuarmory:copper_ranseur":17,"magistuarmory:steel_pavese":2,"minecraft:granite":1,"minecraft:jungle_log":2,"epicfight:diamond_tachi":18,"magistuarmory:pantyhose":1,"minecraft:furnace":2,"minecraft:cooked_beef":6,"minecraft:potato":63,"minecraft:observer":6,"minecraft:wheat_seeds":194,"minecraft:cooked_mutton":16,"epicfight:skillbook":3,"minecraft:cobblestone_stairs":8,"minecraft:baked_potato":32,"minecraft:stone_pickaxe":200,"minecraft:polished_andesite":3,"minecraft:wooden_pickaxe":59,"minecraft:leather_chestplate":1,"minecraft:cobblestone_slab":489,"minecraft:leather_boots":1,"minecraft:sand":14,"minecraft:crafting_table":5,"minecraft:white_bed":6,"magistuarmory:copper_lochaberaxe":53,"magistuarmory:iron_lochaberaxe":47,"minecraft:diamond_shovel":170,"minecraft:iron_pickaxe":723,"minecraft:bread":20,"minecraft:leather_helmet":1,"minecraft:stone_axe":41,"magistuarmory:steel_heatershield":11,"minecraft:cobblestone":54,"minecraft:cooked_rabbit":1,"epicfight:uchigatana":10,"magistuarmory:copper_concavehalberd":11},"minecraft:picked_up":{"minecraft:charcoal":4,"minecraft:crafting_table":5,"magistuarmory:iron_lochaberaxe":2,"minecraft:wheat":195,"minecraft:chicken":1,"minecraft:string":12,"minecraft:raw_copper":78,"magistuarmory:ceremonial_chestplate":1,"magistuarmory:copper_ranseur":2,"minecraft:spruce_planks":1,"minecraft:beef":8,"minecraft:cobblestone_slab":116,"minecraft:observer":2,"minecraft:iron_pickaxe":2,"minecraft:sugar_cane":200,"minecraft:chest":2,"minecraft:furnace":2,"minecraft:stick":21,"minecraft:raw_iron":4,"minecraft:copper_ingot":8,"minecraft:torch":2,"minecraft:acacia_log":7,"epicfight:skillbook":3,"minecraft:diorite":15,"minecraft:redstone":4,"minecraft:stone_sword":1,"minecraft:arrow":8,"minecraft:rotten_flesh":32,"minecraft:iron_block":4,"minecraft:mutton":19,"minecraft:white_wool":14,"minecraft:cobblestone":864,"minecraft:leather_chestplate":1,"minecraft:feather":1,"minecraft:cooked_beef":7,"minecraft:andesite":5,"minecraft:jungle_log":29,"minecraft:leather":1,"minecraft:potato":194,"magistuarmory:ceremonialarmet":1,"magistuarmory:hilt":3,"minecraft:oak_log":9,"minecraft:gunpowder":7,"minecraft:cobblestone_stairs":8,"minecraft:lapis_lazuli":14,"minecraft:dirt":278,"minecraft:leather_boots":1,"minecraft:cooked_mutton":17,"minecraft:bone":6,"magistuarmory:copper_concavehalberd":2,"minecraft:bow":1,"minecraft:wheat_seeds":603,"minecraft:rabbit_hide":1,"minecraft:stone_pickaxe":2,"minecraft:iron_ingot":3,"magistuarmory:steel_heatershield":1,"minecraft:rabbit":1,"minecraft:oak_planks":12,"minecraft:quartz":4,"magistuarmory:pantyhose":1,"minecraft:sand":14,"epicfight:uchigatana":1,"magistuarmory:steel_pavese":2,"minecraft:white_bed":4,"minecraft:spider_eye":3,"minecraft:leather_helmet":1,"minecraft:stripped_jungle_log":2,"minecraft:polished_andesite":5,"minecraft:diamond_shovel":3,"minecraft:stone_axe":3,"magistuarmory:leather_strip":10,"minecraft:granite":33,"minecraft:cherry_sapling":7,"minecraft:bread":14,"minecraft:baked_potato":3,"minecraft:coal":15},"minecraft:crafted":{"minecraft:oak_planks":20,"minecraft:cobblestone_slab":450,"minecraft:stone_shovel":1,"magistuarmory:iron_lochaberaxe":1,"minecraft:cooked_chicken":1,"magistuarmory:wood_heatershield":1,"minecraft:furnace":1,"minecraft:cobblestone_stairs":8,"minecraft:cooked_mutton":17,"magistuarmory:hilt":9,"magistuarmory:steel_heatershield":1,"minecraft:iron_boots":1,"magistuarmory:steel_ingot":5,"minecraft:stone_pickaxe":2,"magistuarmory:copper_shortsword":1,"minecraft:chest":4,"magistuarmory:woolen_fabric":6,"magistuarmory:pole":4,"magistuarmory:copper_lochaberaxe":1,"minecraft:cooked_rabbit":1,"minecraft:observer":4,"minecraft:cooked_beef":8,"minecraft:dropper":1,"minecraft:crafting_table":3,"minecraft:iron_helmet":1,"minecraft:wooden_pickaxe":1,"minecraft:baked_potato":32,"minecraft:copper_ingot":15,"minecraft:stone_axe":1,"minecraft:bread":21,"minecraft:air":0,"minecraft:jungle_planks":28,"magistuarmory:copper_ranseur":1,"minecraft:white_wool":2,"minecraft:iron_chestplate":1,"minecraft:charcoal":8,"minecraft:stick":36,"minecraft:iron_ingot":40,"minecraft:iron_pickaxe":3,"minecraft:iron_leggings":1,"magistuarmory:copper_concavehalberd":1,"minecraft:white_bed":2,"minecraft:acacia_planks":28,"minecraft:torch":12,"magistuarmory:pantyhose":1,"magistuarmory:leather_strip":18},"minecraft:mined":{"magistuarmory:pavise":1,"minecraft:spruce_planks":1,"minecraft:white_bed":4,"minecraft:cobblestone_stairs":8,"minecraft:granite":33,"minecraft:acacia_log":7,"minecraft:grass_block":111,"minecraft:jungle_log":12,"minecraft:furnace":1,"minecraft:iron_ore":4,"minecraft:andesite":5,"minecraft:potatoes":52,"minecraft:cobblestone_slab":85,"minecraft:vine":2,"minecraft:stripped_jungle_log":1,"minecraft:stone":766,"minecraft:observer":2,"minecraft:torch":1,"minecraft:crafting_table":4,"minecraft:chest":2,"minecraft:dead_bush":7,"minecraft:tall_grass":3,"minecraft:copper_ore":19,"minecraft:cobblestone":14,"minecraft:lapis_ore":2,"minecraft:sugar_cane":198,"minecraft:diorite":15,"minecraft:wall_torch":1,"minecraft:wheat":195,"minecraft:grass":17,"minecraft:oak_log":9,"minecraft:coal_ore":15,"minecraft:gravel":1,"minecraft:sand":14,"minecraft:dirt":177,"minecraft:polished_andesite":5,"minecraft:oak_leaves":1,"minecraft:fern":1,"magistuarmory:pavise_upper_collision":1},"minecraft:custom":{"minecraft:inspect_dropper":1,"minecraft:mob_kills":58,"minecraft:animals_bred":10,"minecraft:interact_with_crafting_table":62,"minecraft:open_barrel":18,"minecraft:bell_ring":1,"minecraft:leave_game":2,"minecraft:time_since_death":131227,"minecraft:climb_one_cm":12837,"minecraft:sprint_one_cm":1205567,"minecraft:walk_one_cm":1296056,"minecraft:damage_blocked_by_shield":716,"minecraft:drop":30,"minecraft:damage_dealt_absorbed":954,"minecraft:talked_to_villager":1,"minecraft:play_time":293340,"minecraft:sneak_time":2342,"minecraft:deaths":3,"minecraft:walk_under_water_one_cm":28496,"minecraft:jump":4718,"minecraft:interact_with_blast_furnace":3,"minecraft:walk_on_water_one_cm":61705,"minecraft:enchant_item":1,"minecraft:total_world_time":293340,"minecraft:interact_with_furnace":47,"minecraft:sleep_in_bed":12,"minecraft:time_since_rest":1366,"minecraft:damage_taken":3274,"minecraft:damage_dealt":10408,"minecraft:player_kills":1,"minecraft:swim_one_cm":253804,"minecraft:fly_one_cm":2011826,"minecraft:open_chest":97,"minecraft:crouch_one_cm":6710,"minecraft:fall_one_cm":134933},"minecraft:killed":{"minecraft:spider":6,"minecraft:skeleton":6,"minecraft:chicken":1,"minecraft:husk":4,"minecraft:zombie_villager":1,"minecraft:rabbit":1,"minecraft:iron_golem":1,"minecraft:creeper":4,"minecraft:sheep":12,"minecraft:pillager":1,"minecraft:zombie":15,"minecraft:cow":4},"minecraft:broken":{"minecraft:wooden_pickaxe":1,"minecraft:iron_pickaxe":2},"minecraft:killed_by":{"minecraft:player":1,"minecraft:pillager":1,"minecraft:zombie":1},"minecraft:dropped":{"minecraft:wheat_seeds":1,"minecraft:cobblestone":6,"magistuarmory:iron_lochaberaxe":1,"magistuarmory:ceremonialarmet":1,"minecraft:iron_pickaxe":1,"minecraft:string":7,"magistuarmory:copper_concavehalberd":1,"minecraft:stone_sword":1,"minecraft:cherry_sapling":7,"minecraft:rotten_flesh":15,"minecraft:diamond_shovel":1,"magistuarmory:copper_ranseur":1,"minecraft:cooked_mutton":1,"minecraft:gunpowder":3,"minecraft:spruce_planks":1,"minecraft:andesite":3,"magistuarmory:ceremonial_chestplate":1,"minecraft:spider_eye":3,"epicfight:skillbook":1}},"DataVersion":3465}