{"stats":{"minecraft:picked_up":{"minecraft:cocoa_beans":9,"minecraft:crafting_table":13,"minecraft:clay_ball":4,"minecraft:ladder":4,"minecraft:lead":1,"minecraft:wooden_pickaxe":4,"epicfight:iron_tachi":2,"minecraft:oak_trapdoor":2,"minecraft:string":25,"minecraft:raw_copper":26,"minecraft:cobbled_deepslate":31,"minecraft:smooth_stone":6,"minecraft:beef":44,"minecraft:oak_boat":6,"minecraft:rose_bush":9,"minecraft:redstone_torch":3,"minecraft:light_gray_wool":1,"minecraft:iron_pickaxe":4,"minecraft:melon_slice":1,"minecraft:sugar_cane":122,"minecraft:chest":3,"minecraft:phantom_membrane":1,"minecraft:furnace":4,"minecraft:dark_oak_door":2,"minecraft:stick":65,"minecraft:raw_iron":23,"magistuarmory:steel_target":4,"minecraft:oak_door":1,"minecraft:composter":7,"minecraft:torch":14,"minecraft:porkchop":14,"epicfight:skillbook":2,"minecraft:diorite":1,"minecraft:carrot":85,"minecraft:redstone":67,"minecraft:dark_oak_planks":13,"magistuarmory:cuirassier_boots":4,"minecraft:rotten_flesh":15,"minecraft:bamboo_block":3,"minecraft:stone_sword":3,"minecraft:arrow":14,"magistuarmory:steel_zweihander":3,"minecraft:saddle":3,"minecraft:mutton":21,"minecraft:white_wool":13,"minecraft:cobblestone":81,"minecraft:magma_cream":2,"minecraft:repeater":4,"minecraft:salmon":1,"minecraft:water_bucket":5,"minecraft:andesite":3,"minecraft:brown_wool":1,"minecraft:leather":60,"minecraft:tuff":19,"minecraft:oak_log":9,"minecraft:gunpowder":4,"minecraft:yellow_bed":1,"minecraft:cobblestone_wall":2,"minecraft:cobblestone_stairs":2,"minecraft:lapis_lazuli":90,"minecraft:dirt":215,"minecraft:white_banner":1,"minecraft:stripped_bamboo_block":16,"minecraft:bone":5,"minecraft:apple":1,"minecraft:wheat_seeds":5,"minecraft:raw_gold":4,"minecraft:bell":1,"minecraft:iron_ingot":21,"minecraft:stone_pickaxe":3,"minecraft:bamboo":995,"minecraft:oak_planks":7,"minecraft:dark_oak_stairs":10,"minecraft:book":3,"minecraft:dark_oak_slab":6,"minecraft:bamboo_fence":7,"minecraft:quartz":6,"minecraft:dandelion":3,"minecraft:gravel":34,"minecraft:white_bed":11,"minecraft:green_carpet":4,"minecraft:spider_eye":8,"minecraft:mossy_cobblestone":1,"minecraft:stone_axe":4,"minecraft:granite":18,"minecraft:gray_wool":1,"minecraft:bread":10,"minecraft:oak_button":4,"minecraft:baked_potato":31,"minecraft:coal":10},"minecraft:crafted":{"minecraft:brick":3,"minecraft:wooden_sword":1,"minecraft:smooth_stone":3,"minecraft:oak_planks":36,"magistuarmory:steel_zweihander":1,"magistuarmory:cuirassier_boots":1,"minecraft:bamboo_fence":6,"minecraft:furnace":3,"minecraft:stone":9,"minecraft:bone_meal":6,"minecraft:bookshelf":19,"minecraft:oak_trapdoor":2,"minecraft:dark_oak_door":3,"minecraft:bamboo_block":68,"magistuarmory:hilt":2,"minecraft:dark_oak_fence":18,"minecraft:repeater":2,"magistuarmory:steel_shortsword":1,"minecraft:iron_axe":1,"minecraft:ladder":6,"magistuarmory:steel_ingot":10,"minecraft:stone_pickaxe":1,"minecraft:chest":2,"minecraft:oak_button":1,"minecraft:dried_kelp_block":7,"minecraft:dark_oak_planks":256,"minecraft:stone_hoe":1,"minecraft:flower_pot":1,"minecraft:item_frame":2,"minecraft:cooked_beef":2,"minecraft:red_dye":2,"minecraft:oak_slab":6,"minecraft:dark_oak_stairs":80,"minecraft:crafting_table":1,"minecraft:dried_kelp":128,"minecraft:wooden_pickaxe":1,"minecraft:red_bed":1,"minecraft:bucket":1,"minecraft:stone_axe":1,"minecraft:air":0,"minecraft:dark_oak_slab":6,"magistuarmory:steel_target":1,"minecraft:bamboo_planks":40,"minecraft:book":55,"minecraft:paper":189,"minecraft:stick":92,"minecraft:iron_ingot":20,"minecraft:iron_pickaxe":1,"minecraft:wooden_axe":1,"minecraft:stone_sword":1,"minecraft:iron_shovel":1,"minecraft:redstone_torch":5,"minecraft:torch":4,"minecraft:bamboo_trapdoor":2,"magistuarmory:leather_strip":6},"minecraft:killed":{"minecraft:spider":5,"minecraft:horse":7,"minecraft:skeleton":2,"minecraft:magma_cube":7,"minecraft:husk":2,"minecraft:salmon":2,"minecraft:creeper":1,"minecraft:sheep":11,"minecraft:zombie":9,"minecraft:enderman":2,"minecraft:cow":15},"minecraft:used":{"minecraft:oak_trapdoor":4,"minecraft:stone_sword":30,"minecraft:iron_shovel":16,"minecraft:redstone":15,"minecraft:dried_kelp":14,"minecraft:ladder":10,"minecraft:chest":5,"minecraft:bell":1,"minecraft:stone_hoe":46,"minecraft:rotten_flesh":2,"minecraft:oak_door":1,"minecraft:torch":10,"minecraft:dirt":125,"minecraft:mutton":1,"magistuarmory:cuirassier_boots":3,"minecraft:carrot":48,"minecraft:tuff":19,"minecraft:dark_oak_planks":72,"minecraft:wooden_axe":38,"minecraft:lava_bucket":8,"minecraft:bamboo_fence":11,"minecraft:bookshelf":19,"minecraft:iron_axe":41,"minecraft:dark_oak_slab":8,"magistuarmory:steel_zweihander":232,"minecraft:light_gray_wool":1,"minecraft:item_frame":2,"minecraft:bamboo":63,"minecraft:repeater":6,"minecraft:furnace":7,"minecraft:cooked_beef":2,"minecraft:cobbled_deepslate":23,"minecraft:dark_oak_stairs":73,"minecraft:bamboo_trapdoor":2,"epicfight:skillbook":2,"minecraft:water_bucket":10,"minecraft:diorite":1,"minecraft:stone_pickaxe":49,"minecraft:baked_potato":6,"minecraft:oak_planks":1,"minecraft:wooden_pickaxe":15,"minecraft:composter":7,"minecraft:white_wool":4,"minecraft:oak_slab":6,"minecraft:crafting_table":12,"minecraft:red_bed":1,"minecraft:bamboo_block":53,"minecraft:white_bed":8,"minecraft:dark_oak_door":4,"minecraft:redstone_torch":2,"minecraft:flower_pot":1,"minecraft:apple":1,"minecraft:stripped_bamboo_block":2,"minecraft:melon_slice":1,"minecraft:bread":10,"minecraft:oak_button":3,"minecraft:iron_pickaxe":148,"minecraft:gravel":4,"minecraft:stone_axe":111,"minecraft:wooden_sword":10,"minecraft:cobblestone":15,"minecraft:dark_oak_fence":12,"minecraft:bucket":19,"minecraft:andesite":3,"minecraft:yellow_bed":1,"minecraft:oak_boat":2,"minecraft:bone_meal":6,"minecraft:dandelion":1},"minecraft:mined":{"minecraft:dark_oak_planks":13,"minecraft:tuff":20,"minecraft:white_bed":9,"minecraft:farmland":1,"minecraft:mossy_cobblestone":1,"minecraft:oak_door":1,"minecraft:bamboo_fence":7,"minecraft:cobblestone_stairs":2,"minecraft:ladder":4,"minecraft:granite":6,"minecraft:grass_block":34,"minecraft:redstone_wire":15,"minecraft:bamboo_block":3,"minecraft:composter":7,"minecraft:oak_trapdoor":2,"minecraft:furnace":4,"minecraft:carrots":4,"minecraft:iron_ore":14,"minecraft:cobbled_deepslate":2,"minecraft:andesite":3,"minecraft:dark_oak_stairs":10,"minecraft:bell":1,"minecraft:bookshelf":1,"minecraft:deepslate_iron_ore":7,"minecraft:green_carpet":2,"minecraft:bamboo_sapling":1,"minecraft:stripped_bamboo_block":16,"minecraft:bamboo":177,"minecraft:stone":46,"minecraft:white_wool":1,"minecraft:deepslate_redstone_ore":5,"minecraft:clay":1,"minecraft:crafting_table":12,"minecraft:chest":3,"minecraft:rose_bush":3,"minecraft:dead_bush":17,"minecraft:copper_ore":2,"minecraft:cobblestone":23,"minecraft:deepslate_coal_ore":1,"minecraft:lapis_ore":4,"minecraft:deepslate_gold_ore":1,"minecraft:sugar_cane":150,"minecraft:oak_planks":1,"minecraft:diorite":2,"minecraft:wall_torch":4,"minecraft:repeater":4,"minecraft:dark_oak_slab":6,"minecraft:dark_oak_door":2,"minecraft:cobblestone_wall":2,"minecraft:redstone_torch":1,"minecraft:yellow_bed":1,"minecraft:grass":17,"minecraft:coal_ore":9,"minecraft:oak_log":8,"minecraft:gravel":4,"minecraft:dirt":45,"minecraft:oak_button":2,"minecraft:oak_leaves":1,"minecraft:deepslate":29},"minecraft:custom":{"minecraft:mob_kills":63,"minecraft:interact_with_crafting_table":63,"minecraft:open_barrel":10,"minecraft:bell_ring":2,"minecraft:leave_game":1,"minecraft:time_since_death":41882,"minecraft:climb_one_cm":13219,"minecraft:sprint_one_cm":615352,"minecraft:walk_one_cm":879990,"minecraft:drop":56,"minecraft:talked_to_villager":6,"minecraft:play_time":128221,"minecraft:deaths":6,"minecraft:sneak_time":2762,"minecraft:walk_under_water_one_cm":20273,"minecraft:boat_one_cm":4214,"minecraft:jump":2649,"minecraft:interact_with_blast_furnace":10,"minecraft:walk_on_water_one_cm":25610,"minecraft:total_world_time":128221,"minecraft:interact_with_furnace":48,"minecraft:pot_flower":1,"minecraft:interact_with_stonecutter":1,"minecraft:sleep_in_bed":9,"minecraft:time_since_rest":38553,"minecraft:damage_taken":2462,"minecraft:damage_dealt":7623,"minecraft:fly_one_cm":1003166,"minecraft:swim_one_cm":55834,"minecraft:open_chest":38,"minecraft:crouch_one_cm":17047,"minecraft:interact_with_smoker":20,"minecraft:fall_one_cm":50796,"minecraft:horse_one_cm":172779},"minecraft:dropped":{"minecraft:water_bucket":1,"minecraft:porkchop":14,"minecraft:wheat_seeds":2,"minecraft:lead":1,"magistuarmory:steel_target":1,"minecraft:granite":6,"minecraft:saddle":2,"minecraft:stick":18,"minecraft:torch":6,"minecraft:mutton":7,"minecraft:rose_bush":6,"minecraft:brown_wool":1,"minecraft:wooden_sword":1,"minecraft:phantom_membrane":1,"minecraft:white_banner":1,"epicfight:iron_tachi":2,"minecraft:string":14,"minecraft:white_wool":3,"minecraft:redstone":8,"minecraft:bone":1,"minecraft:gravel":30,"minecraft:stone_axe":1,"minecraft:stone_sword":2,"minecraft:raw_copper":8,"minecraft:raw_iron":2,"minecraft:rotten_flesh":6,"minecraft:clay_ball":1,"minecraft:white_bed":2,"minecraft:carrot":71,"minecraft:gunpowder":3,"minecraft:oak_boat":2,"minecraft:spider_eye":2,"minecraft:arrow":12,"minecraft:beef":8,"minecraft:wooden_pickaxe":2,"minecraft:raw_gold":1,"minecraft:magma_cream":1,"minecraft:quartz":6,"epicfight:skillbook":1},"minecraft:killed_by":{"minecraft:enderman":2,"minecraft:skeleton":1}},"DataVersion":3465}