{"stats":{"minecraft:used":{"minecraft:stone_sword":13,"minecraft:melon_slice":8,"minecraft:oak_planks":5,"minecraft:wooden_pickaxe":16,"minecraft:dirt":5,"minecraft:crafting_table":1},"minecraft:picked_up":{"minecraft:stick":5,"minecraft:oak_log":6,"minecraft:string":1,"minecraft:dirt":5,"minecraft:bone":2,"minecraft:arrow":1,"minecraft:oak_sapling":1,"minecraft:melon_slice":8,"minecraft:cobblestone":16},"minecraft:mined":{"minecraft:grass":4,"minecraft:grass_block":1,"minecraft:oak_log":6,"minecraft:melon":2,"minecraft:sand":1,"minecraft:dirt":4,"minecraft:stone":16,"minecraft:oak_leaves":2},"minecraft:crafted":{"minecraft:oak_planks":24,"minecraft:crafting_table":1,"minecraft:stick":4,"minecraft:wooden_pickaxe":1,"minecraft:stone_pickaxe":1,"minecraft:wooden_axe":1,"minecraft:stone_sword":1,"minecraft:stone_axe":1},"minecraft:custom":{"minecraft:time_since_rest":15516,"minecraft:sprint_one_cm":71734,"minecraft:damage_taken":180,"minecraft:walk_one_cm":62602,"minecraft:mob_kills":2,"minecraft:damage_dealt":315,"minecraft:interact_with_crafting_table":3,"minecraft:fly_one_cm":120155,"minecraft:open_chest":2,"minecraft:crouch_one_cm":2615,"minecraft:play_time":15516,"minecraft:sneak_time":664,"minecraft:jump":326,"minecraft:leave_game":1,"minecraft:time_since_death":15516,"minecraft:total_world_time":15516,"minecraft:climb_one_cm":1494,"minecraft:fall_one_cm":8849,"minecraft:horse_one_cm":33925},"minecraft:killed":{"minecraft:skeleton":1,"minecraft:spider":1}},"DataVersion":3465}