{"stats":{"minecraft:dropped":{"minecraft:porkchop":1,"minecraft:diamond":49,"minecraft:dark_oak_slab":2,"minecraft:crossbow":3,"magistuarmory:steel_target":2,"minecraft:saddle":2,"magistuarmory:kastenbrust_leggings":1,"minecraft:rail":2,"minecraft:red_mushroom":5,"minecraft:emerald":1,"magistuarmory:longbow":1,"minecraft:dirt":10,"magistuarmory:kastenbrust_chestplate":1,"minecraft:jungle_sapling":1,"minecraft:wooden_sword":1,"minecraft:gold_nugget":7,"minecraft:bone_meal":4,"minecraft:dark_oak_planks":284,"minecraft:white_wool":1,"magistuarmory:steel_plate":1,"minecraft:stone_axe":1,"magistuarmory:small_steel_plate":5,"magistuarmory:steel_ring":5,"minecraft:wheat":1,"minecraft:rotten_flesh":183,"minecraft:oak_planks":80,"minecraft:azure_bluet":3,"minecraft:white_bed":2,"magistuarmory:kastenbrust_boots":1,"magistuarmory:knight_chestplate":1,"minecraft:coal_ore":256,"minecraft:jungle_log":12,"minecraft:beef":29,"minecraft:iron_ingot":102,"minecraft:wheat_seeds":85,"minecraft:cobblestone":3,"minecraft:apple":1,"minecraft:granite":12,"minecraft:oxeye_daisy":2,"minecraft:gray_wool":1,"magistuarmory:steel_ingot":22,"minecraft:dead_bush":2,"minecraft:white_banner":1,"minecraft:string":5,"minecraft:stone_sword":1,"epicfight:diamond_tachi":2,"minecraft:white_carpet":1,"magistuarmory:steel_nugget":25,"minecraft:suspicious_stew":1,"minecraft:cobblestone_slab":2,"minecraft:flower_pot":1,"minecraft:diamond_pickaxe":1,"minecraft:spider_eye":6,"minecraft:bow":1,"epicfight:skillbook":6,"magistuarmory:steel_estoc":1,"minecraft:ender_pearl":4,"minecraft:leather":5,"minecraft:birch_slab":1,"minecraft:mutton":10,"minecraft:crimson_roots":13,"minecraft:coast_armor_trim_smithing_template":2,"minecraft:pumpkin_pie":10,"minecraft:gold_ingot":26,"minecraft:gravel":21,"minecraft:diamond_shovel":2,"minecraft:carrot":21,"minecraft:poppy":2,"minecraft:gunpowder":1,"minecraft:beetroot_seeds":7,"minecraft:arrow":1,"minecraft:poisonous_potato":4,"minecraft:stick":8,"minecraft:iron_block":4,"epicfight:stone_greatsword":1,"minecraft:chiseled_sandstone":2,"minecraft:dandelion":6,"minecraft:redstone":4,"minecraft:blaze_rod":5,"magistuarmory:face_helmet":1,"minecraft:raw_iron":455,"minecraft:oak_button":1,"minecraft:andesite":7,"minecraft:oak_boat":1,"minecraft:golden_leggings":2,"minecraft:oak_sapling":3,"minecraft:stone_pickaxe":1,"minecraft:wooden_pickaxe":1},"minecraft:killed_by":{"minecraft:pillager":4,"minecraft:zombie":6,"minecraft:vex":1,"minecraft:creeper":8,"minecraft:player":5,"minecraft:spider":2,"minecraft:enderman":2,"minecraft:skeleton":3},"minecraft:crafted":{"minecraft:black_dye":7,"magistuarmory:kastenbrust_leggings":1,"minecraft:smooth_stone":41,"minecraft:oak_sign":6,"epicfight:diamond_dagger":1,"magistuarmory:stone_shortsword":1,"minecraft:blaze_powder":4,"minecraft:birch_slab":24,"minecraft:diamond_shovel":1,"minecraft:cooked_mutton":8,"minecraft:deepslate_brick_stairs":2,"minecraft:glass":79,"minecraft:quartz_block":171,"magistuarmory:small_steel_plate":16,"minecraft:black_wool":7,"minecraft:cooked_rabbit":1,"minecraft:flower_pot":7,"magistuarmory:shishak":1,"minecraft:cooked_porkchop":16,"minecraft:diamond_axe":1,"magistuarmory:gazelle_horns_decoration":1,"minecraft:polished_andesite_stairs":59,"minecraft:copper_ingot":72,"magistuarmory:wood_roundshield":1,"minecraft:cartography_table":1,"magistuarmory:diamond_katzbalger":1,"minecraft:iron_pickaxe":10,"minecraft:iron_block":180,"minecraft:gold_ingot":151,"minecraft:birch_stairs":36,"minecraft:stone_shovel":1,"minecraft:smooth_stone_slab":6,"minecraft:jukebox":1,"minecraft:iron_nugget":342,"magistuarmory:kastenbrust_chestplate":1,"minecraft:bone_meal":132,"magistuarmory:longbow":2,"minecraft:pink_dye":8,"minecraft:white_carpet":9,"minecraft:cherry_trapdoor":4,"minecraft:lantern":24,"minecraft:diamond":99,"minecraft:ladder":15,"minecraft:stone_pickaxe":9,"minecraft:redstone_block":20,"magistuarmory:steel_ring":32,"minecraft:dark_oak_planks":1100,"magistuarmory:steel_plate":26,"minecraft:wheat":135,"magistuarmory:diamond_rondache":1,"minecraft:crossbow":9,"epicfight:iron_tachi":2,"minecraft:oak_stairs":96,"minecraft:writable_book":1,"minecraft:white_bed":3,"minecraft:brick":32,"magistuarmory:stone_claymore":1,"minecraft:oak_planks":788,"minecraft:barrel":16,"magistuarmory:face_helmet":1,"minecraft:cherry_slab":30,"minecraft:cooked_chicken":2,"minecraft:stone":111,"minecraft:pink_carpet":3,"magistuarmory:diamond_zweihander":1,"minecraft:bamboo_block":134,"minecraft:hopper":1,"minecraft:stone_brick_slab":12,"minecraft:bow":3,"magistuarmory:iron_katzbalger":1,"minecraft:chest":22,"minecraft:copper_block":1,"minecraft:stone_hoe":1,"minecraft:oak_fence":27,"minecraft:smoker":4,"magistuarmory:steel_nugget":54,"minecraft:oak_slab":42,"minecraft:item_frame":2,"magistuarmory:diamond_shortsword":1,"minecraft:arrow":28,"minecraft:crafting_table":8,"minecraft:wooden_pickaxe":1,"minecraft:baked_potato":133,"minecraft:gold_block":1,"minecraft:birch_planks":556,"magistuarmory:halfarmor_chestplate":2,"minecraft:dark_oak_slab":132,"minecraft:paper":3,"minecraft:diamond_pickaxe":1,"minecraft:charcoal":8,"minecraft:pink_wool":3,"minecraft:stick":152,"minecraft:light_blue_dye":64,"minecraft:iron_ingot":1588,"magistuarmory:steel_chainmail":3,"minecraft:black_bed":3,"epicfight:diamond_tachi":2,"minecraft:deepslate_bricks":64,"minecraft:shears":1,"magistuarmory:leather_strip":18,"minecraft:cherry_planks":40,"minecraft:raw_iron":1152,"minecraft:stone_brick_wall":2,"minecraft:furnace":15,"minecraft:blast_furnace":6,"minecraft:dark_oak_trapdoor":6,"minecraft:cherry_sapling":2,"minecraft:dark_oak_sign":3,"magistuarmory:kastenbrust_boots":1,"minecraft:oak_trapdoor":24,"minecraft:glass_pane":80,"minecraft:scaffolding":96,"magistuarmory:hilt":7,"minecraft:polished_deepslate":64,"minecraft:iron_axe":2,"magistuarmory:steel_ingot":58,"minecraft:slime_ball":2,"magistuarmory:diamond_flamebladedsword":1,"minecraft:cooked_beef":30,"minecraft:sugar":55,"minecraft:red_dye":4,"minecraft:diamond_sword":2,"minecraft:dark_oak_stairs":104,"minecraft:powered_rail":6,"minecraft:iron_sword":2,"magistuarmory:knight_chestplate":1,"minecraft:bucket":1,"minecraft:stone_axe":9,"minecraft:bread":4,"minecraft:air":0,"minecraft:jungle_planks":84,"minecraft:blue_dye":79,"minecraft:jungle_door":3,"minecraft:white_wool":1,"minecraft:white_dye":68,"minecraft:raw_gold":54,"minecraft:stonecutter":1,"minecraft:anvil":1,"minecraft:pumpkin_pie":17,"minecraft:torch":88,"minecraft:lapis_lazuli":18,"minecraft:lapis_block":26},"minecraft:killed":{"minecraft:cave_spider":2,"minecraft:skeleton":127,"minecraft:chicken":3,"minecraft:magma_cube":95,"minecraft:salmon":5,"minecraft:pillager":218,"minecraft:zombie":228,"minecraft:glow_squid":2,"minecraft:cow":31,"minecraft:evoker":1,"minecraft:vindicator":3,"minecraft:husk":27,"minecraft:ravager":1,"minecraft:enderman":2,"minecraft:zombified_piglin":11,"minecraft:witch":6,"minecraft:spider":82,"minecraft:piglin":9,"minecraft:pig":14,"minecraft:zombie_villager":4,"minecraft:creeper":124,"minecraft:sheep":14,"minecraft:ghast":1,"minecraft:blaze":5,"minecraft:drowned":2,"minecraft:bat":1,"minecraft:hoglin":2,"minecraft:squid":10,"minecraft:wither_skeleton":3},"minecraft:custom":{"minecraft:interact_with_crafting_table":227,"minecraft:open_barrel":525,"minecraft:leave_game":17,"minecraft:time_since_death":37086,"minecraft:damage_blocked_by_shield":786,"minecraft:play_time":2042941,"minecraft:deaths":35,"minecraft:jump":26040,"minecraft:enchant_item":10,"minecraft:interact_with_furnace":254,"minecraft:play_record":3,"minecraft:traded_with_villager":5,"minecraft:interact_with_cartography_table":4,"minecraft:sleep_in_bed":54,"minecraft:damage_dealt":174433,"minecraft:interact_with_smoker":52,"minecraft:horse_one_cm":3592300,"minecraft:interact_with_smithing_table":3,"minecraft:inspect_dropper":10,"minecraft:interact_with_anvil":6,"minecraft:inspect_hopper":18,"minecraft:damage_dealt_absorbed":3426,"minecraft:sneak_time":31753,"minecraft:interact_with_blast_furnace":204,"minecraft:total_world_time":2042941,"minecraft:interact_with_stonecutter":12,"minecraft:time_since_rest":35788,"minecraft:swim_one_cm":553602,"minecraft:fly_one_cm":6980088,"minecraft:open_chest":938,"minecraft:fall_one_cm":842718,"minecraft:animals_bred":82,"minecraft:sprint_one_cm":7020760,"minecraft:drop":905,"minecraft:talked_to_villager":15,"minecraft:interact_with_brewingstand":1,"minecraft:walk_on_water_one_cm":172459,"minecraft:open_enderchest":1,"minecraft:player_kills":1,"minecraft:crouch_one_cm":176845,"minecraft:mob_kills":1049,"minecraft:climb_one_cm":195716,"minecraft:walk_one_cm":11297112,"minecraft:raid_win":1,"minecraft:walk_under_water_one_cm":237193,"minecraft:boat_one_cm":12203,"minecraft:pot_flower":7,"minecraft:interact_with_grindstone":6,"minecraft:damage_taken":24699},"minecraft:picked_up":{"minecraft:chainmail_boots":1,"minecraft:suspicious_stew":5,"minecraft:flower_pot":31,"minecraft:smithing_table":2,"minecraft:lead":23,"minecraft:oak_stairs":83,"minecraft:amethyst_block":1,"minecraft:polished_deepslate":227,"minecraft:string":189,"minecraft:shroomlight":1,"minecraft:beetroot":6,"minecraft:gold_nugget":457,"minecraft:cobbled_deepslate":778,"minecraft:melon_slice":17,"minecraft:golden_helmet":2,"minecraft:pink_carpet":6,"minecraft:lightning_rod":1,"minecraft:cherry_log":218,"minecraft:stone_sword":7,"minecraft:iron_block":1,"minecraft:glowstone":15,"minecraft:blaze_rod":10,"minecraft:birch_log":232,"minecraft:feather":2,"minecraft:cooked_beef":168,"minecraft:cherry_leaves":25,"minecraft:birch_slab":7,"minecraft:jungle_log":39,"minecraft:brown_wool":3,"minecraft:smoker":3,"minecraft:flint":9,"minecraft:map":2,"minecraft:lantern":17,"minecraft:stonecutter":1,"minecraft:dark_oak_sign":6,"magistuarmory:kastenbrust_chestplate":6,"minecraft:glowstone_dust":11,"magistuarmory:face_helmet":5,"minecraft:warped_wart_block":68,"minecraft:ink_sac":14,"minecraft:dark_oak_log":927,"minecraft:barrel":5,"magistuarmory:steel_estoc":2,"minecraft:polished_andesite":50,"minecraft:writable_book":3,"minecraft:granite":32,"magistuarmory:wood_pavese":2,"minecraft:cherry_slab":16,"minecraft:dark_oak_fence":107,"minecraft:crimson_roots":13,"minecraft:diamond_pickaxe":6,"minecraft:crafting_table":15,"minecraft:clay_ball":48,"minecraft:leather_leggings":2,"minecraft:cornflower":5,"minecraft:red_bed":5,"magistuarmory:ceremonial_chestplate":7,"minecraft:flint_and_steel":3,"minecraft:white_carpet":6,"minecraft:cartography_table":1,"minecraft:beef":88,"magistuarmory:ceremonial_boots":7,"minecraft:jungle_sapling":1,"minecraft:iron_nugget":115,"minecraft:poppy":17,"minecraft:chest":31,"minecraft:birch_sapling":21,"minecraft:egg":65,"minecraft:sandstone":39,"minecraft:raw_gold_block":6,"minecraft:oak_door":3,"magistuarmory:stone_claymore":19,"magistuarmory:rustedbarbute":1,"minecraft:carrot":279,"minecraft:redstone":272,"magistuarmory:steel_ingot":21,"minecraft:beetroot_seeds":35,"minecraft:peony":8,"minecraft:shears":1,"minecraft:deepslate_bricks":146,"minecraft:hay_block":101,"minecraft:gold_ingot":1,"minecraft:totem_of_undying":7,"minecraft:mutton":47,"minecraft:white_wool":60,"minecraft:rail":46,"minecraft:oxeye_daisy":2,"minecraft:stripped_oak_log":1,"minecraft:red_mushroom":10,"minecraft:filled_map":4,"minecraft:oak_log":277,"minecraft:golden_boots":5,"minecraft:paper":30,"minecraft:white_banner":40,"minecraft:apple":37,"minecraft:warped_stem":10,"minecraft:stone_pickaxe":14,"minecraft:dark_oak_stairs":97,"minecraft:polished_andesite_stairs":10,"minecraft:dark_oak_slab":128,"minecraft:milk_bucket":1,"epicfight:stone_greatsword":1,"minecraft:light_blue_glazed_terracotta":91,"minecraft:gravel":200,"minecraft:birch_stairs":17,"magistuarmory:longbow":23,"epicfight:uchigatana":3,"minecraft:spruce_log":7,"minecraft:diamond_shovel":1,"minecraft:coal_ore":256,"minecraft:stone_axe":21,"minecraft:diamond_axe":1,"minecraft:gray_wool":2,"minecraft:oak_button":1,"minecraft:baked_potato":419,"minecraft:pink_dye":5,"minecraft:hopper":3,"minecraft:ender_pearl":12,"minecraft:music_disc_strad":3,"minecraft:wheat":189,"minecraft:lapis_block":3,"minecraft:raw_copper":234,"minecraft:smooth_stone_slab":10,"minecraft:armor_stand":2,"magistuarmory:iron_katzbalger":5,"minecraft:experience_bottle":4,"minecraft:oak_sign":4,"minecraft:sea_pickle":13,"minecraft:smooth_stone":2,"minecraft:bucket":2,"minecraft:rose_bush":76,"minecraft:redstone_torch":1,"minecraft:cobblestone_slab":3,"minecraft:iron_pickaxe":32,"minecraft:furnace":5,"minecraft:stick":178,"minecraft:oak_fence":26,"minecraft:torch":103,"epicfight:skillbook":35,"minecraft:porkchop":68,"minecraft:diorite":27,"minecraft:quartz_block":95,"minecraft:cactus":11,"minecraft:rotten_flesh":1249,"epicfight:glove":1,"minecraft:deepslate_brick_stairs":1,"minecraft:obsidian":23,"minecraft:cobblestone":2481,"minecraft:leather_chestplate":1,"minecraft:magma_cream":38,"minecraft:andesite":82,"minecraft:black_bed":4,"minecraft:golden_leggings":5,"minecraft:potato":536,"magistuarmory:ceremonialarmet":7,"minecraft:tuff":32,"minecraft:dirt":2262,"minecraft:lapis_lazuli":279,"minecraft:stripped_birch_log":2,"minecraft:leather_boots":2,"minecraft:glass":33,"minecraft:bone":224,"minecraft:bow":11,"minecraft:wheat_seeds":665,"minecraft:raw_gold":66,"minecraft:bell":1,"magistuarmory:kastenbrust_leggings":6,"magistuarmory:diamond_rondache":3,"minecraft:bamboo":2140,"minecraft:oak_planks":319,"minecraft:stone_hoe":3,"minecraft:music_disc_13":2,"minecraft:poisonous_potato":4,"minecraft:sand":151,"minecraft:jungle_planks":58,"minecraft:dead_bush":2,"minecraft:diamond_block":11,"minecraft:chiseled_sandstone":2,"minecraft:mossy_cobblestone":1,"minecraft:sugar":122,"minecraft:diamond":113,"minecraft:crossbow":30,"minecraft:bone_meal":22,"minecraft:emerald":25,"minecraft:oak_sapling":66,"minecraft:netherrack":64,"minecraft:oak_leaves":292,"minecraft:cocoa_beans":33,"minecraft:charcoal":4,"minecraft:azure_bluet":3,"minecraft:chicken":2,"minecraft:brown_mushroom":12,"minecraft:pink_wool":1,"minecraft:wooden_pickaxe":1,"minecraft:stone_brick_wall":2,"minecraft:chain":41,"epicfight:iron_tachi":14,"minecraft:oak_trapdoor":26,"minecraft:iron_axe":3,"minecraft:wooden_sword":1,"minecraft:oak_boat":1,"magistuarmory:knight_leggings":7,"minecraft:lectern":1,"minecraft:sugar_cane":471,"minecraft:cherry_trapdoor":4,"minecraft:phantom_membrane":4,"minecraft:dark_oak_sapling":82,"minecraft:raw_iron":1157,"magistuarmory:steel_target":2,"minecraft:iron_horse_armor":2,"minecraft:dark_oak_planks":489,"minecraft:arrow":447,"minecraft:pumpkin_pie":9,"minecraft:golden_hoe":1,"minecraft:nether_bricks":1,"minecraft:saddle":7,"minecraft:glow_ink_sac":4,"minecraft:salmon":6,"minecraft:leather":61,"minecraft:birch_planks":435,"minecraft:crimson_fungus":2,"minecraft:gunpowder":222,"minecraft:orange_terracotta":1,"minecraft:coast_armor_trim_smithing_template":4,"magistuarmory:kastenbrust_boots":5,"minecraft:iron_ingot":35,"minecraft:polished_andesite_slab":53,"minecraft:book":29,"minecraft:oak_slab":92,"minecraft:scaffolding":212,"minecraft:pumpkin":43,"minecraft:stone_brick_slab":24,"minecraft:quartz":693,"minecraft:dandelion":13,"minecraft:raw_iron_block":128,"minecraft:amethyst_shard":92,"minecraft:white_bed":6,"minecraft:green_carpet":8,"minecraft:spider_eye":82,"epicfight:diamond_tachi":11,"minecraft:cherry_sapling":96,"minecraft:black_wool":4,"minecraft:coal":636},"minecraft:broken":{"minecraft:shears":1,"magistuarmory:kastenbrust_chestplate":1,"magistuarmory:face_helmet":1,"epicfight:iron_tachi":2,"magistuarmory:kastenbrust_boots":1,"minecraft:iron_axe":2,"minecraft:iron_pickaxe":9,"magistuarmory:iron_katzbalger":1,"minecraft:golden_leggings":1,"minecraft:stone_pickaxe":9,"minecraft:stone_axe":8,"magistuarmory:kastenbrust_leggings":1},"minecraft:used":{"minecraft:beetroot":2,"minecraft:writable_book":13,"minecraft:poppy":1,"minecraft:ladder":5,"minecraft:chest":48,"minecraft:rotten_flesh":67,"minecraft:birch_sapling":3,"magistuarmory:diamond_rondache":20,"minecraft:polished_andesite_stairs":63,"minecraft:quartz_block":90,"minecraft:dark_oak_slab":125,"minecraft:cherry_leaves":25,"magistuarmory:diamond_katzbalger":12,"minecraft:bow":2,"minecraft:oak_sapling":2,"minecraft:furnace":7,"minecraft:egg":2,"minecraft:potato":161,"minecraft:diorite":6,"minecraft:powered_rail":6,"minecraft:leather_chestplate":1,"minecraft:wooden_pickaxe":6,"minecraft:oak_leaves":113,"minecraft:sand":95,"magistuarmory:knight_leggings":2,"minecraft:blast_furnace":6,"magistuarmory:longbow":133,"minecraft:deepslate_brick_stairs":3,"minecraft:lightning_rod":1,"minecraft:birch_slab":14,"minecraft:lectern":1,"minecraft:polished_andesite_slab":33,"minecraft:smithing_table":2,"minecraft:dark_oak_fence":16,"minecraft:oak_trapdoor":22,"minecraft:armor_stand":2,"minecraft:netherrack":48,"minecraft:torch":117,"minecraft:anvil":1,"minecraft:iron_block":1,"minecraft:iron_axe":500,"minecraft:cherry_slab":34,"epicfight:stone_greatsword":2,"minecraft:barrel":21,"minecraft:bamboo":37,"minecraft:glowstone":1,"minecraft:cobbled_deepslate":47,"minecraft:cherry_log":11,"minecraft:orange_terracotta":1,"minecraft:wheat_seeds":503,"minecraft:water_bucket":2,"minecraft:light_blue_glazed_terracotta":85,"magistuarmory:iron_katzbalger":249,"minecraft:birch_planks":490,"minecraft:lead":2,"minecraft:cartography_table":2,"minecraft:deepslate_bricks":43,"minecraft:oak_slab":56,"minecraft:crafting_table":17,"minecraft:red_bed":4,"magistuarmory:stone_claymore":80,"minecraft:white_bed":6,"minecraft:spruce_log":1,"minecraft:music_disc_strad":1,"minecraft:oak_log":63,"minecraft:diamond_pickaxe":570,"minecraft:diamond_shovel":944,"minecraft:iron_pickaxe":2236,"magistuarmory:wood_pavese":2,"minecraft:suspicious_stew":2,"magistuarmory:kastenbrust_chestplate":1,"minecraft:green_carpet":3,"minecraft:cobblestone":123,"minecraft:porkchop":6,"minecraft:glass_pane":78,"minecraft:dandelion":3,"minecraft:jukebox":1,"epicfight:uchigatana":59,"minecraft:cherry_sapling":26,"minecraft:polished_deepslate":87,"minecraft:bell":1,"minecraft:jungle_planks":90,"minecraft:carrot":63,"minecraft:tuff":1,"minecraft:music_disc_13":1,"minecraft:milk_bucket":8,"minecraft:obsidian":5,"minecraft:glass":39,"minecraft:lantern":21,"minecraft:item_frame":2,"magistuarmory:ceremonialarmet":2,"minecraft:hay_block":2,"minecraft:scaffolding":222,"minecraft:dark_oak_sapling":46,"minecraft:dark_oak_stairs":132,"epicfight:skillbook":17,"minecraft:stone_pickaxe":1181,"minecraft:dark_oak_sign":6,"minecraft:oak_planks":97,"minecraft:sandstone":37,"minecraft:diamond_axe":484,"magistuarmory:ceremonial_chestplate":2,"minecraft:crossbow":4,"minecraft:stone_brick_wall":2,"minecraft:black_bed":7,"minecraft:shears":238,"epicfight:iron_tachi":503,"minecraft:bread":5,"minecraft:gravel":37,"epicfight:diamond_dagger":25,"minecraft:andesite":12,"minecraft:smooth_stone_slab":17,"minecraft:bone_meal":30,"minecraft:experience_bottle":2,"minecraft:oak_fence":26,"minecraft:rose_bush":17,"minecraft:stone_shovel":75,"minecraft:stone_hoe":33,"minecraft:cooked_chicken":1,"minecraft:oak_door":3,"minecraft:dirt":1658,"minecraft:white_carpet":14,"minecraft:hopper":2,"minecraft:pink_carpet":3,"minecraft:granite":7,"minecraft:dark_oak_planks":470,"minecraft:stone_brick_slab":12,"minecraft:oak_stairs":145,"minecraft:cherry_trapdoor":4,"epicfight:glove":54,"epicfight:diamond_tachi":1575,"minecraft:cooked_beef":31,"minecraft:cooked_mutton":10,"magistuarmory:steel_estoc":5,"minecraft:polished_andesite":240,"minecraft:baked_potato":318,"magistuarmory:ceremonial_boots":2,"minecraft:stonecutter":2,"minecraft:cobblestone_slab":1,"minecraft:music_disc_cat":1,"minecraft:bamboo_block":2,"magistuarmory:diamond_flamebladedsword":8,"minecraft:smoker":7,"minecraft:flower_pot":22,"magistuarmory:rustedbarbute":1,"minecraft:stone_axe":1045,"minecraft:white_banner":3,"minecraft:jungle_door":2,"minecraft:bucket":3,"minecraft:pumpkin_pie":9,"minecraft:smooth_stone":2,"minecraft:birch_stairs":25},"minecraft:mined":{"minecraft:dark_oak_planks":109,"minecraft:white_bed":3,"minecraft:cherry_log":208,"minecraft:jungle_leaves":5,"minecraft:obsidian":23,"minecraft:potted_dead_bush":2,"minecraft:granite":20,"minecraft:jungle_log":33,"minecraft:deepslate_bricks":16,"minecraft:hopper":2,"minecraft:crimson_fungus":2,"minecraft:oxeye_daisy":2,"minecraft:spawner":3,"minecraft:tall_seagrass":1,"minecraft:cobbled_deepslate":1,"minecraft:fire":3,"minecraft:barrel":5,"minecraft:pumpkin":32,"minecraft:deepslate_lapis_ore":39,"minecraft:dirt_path":15,"minecraft:oak_stairs":55,"minecraft:deepslate_brick_stairs":1,"minecraft:green_carpet":8,"minecraft:iron_block":1,"minecraft:brown_mushroom":13,"minecraft:red_bed":4,"minecraft:smoker":3,"minecraft:amethyst_cluster":16,"minecraft:torch":17,"minecraft:melon":3,"minecraft:polished_andesite_stairs":7,"minecraft:dead_bush":3,"minecraft:sugar_cane":262,"minecraft:amethyst_block":1,"minecraft:cherry_slab":12,"minecraft:chain":47,"minecraft:wheat":162,"minecraft:black_bed":4,"minecraft:grass":450,"minecraft:dark_oak_sapling":1,"minecraft:stonecutter":1,"minecraft:deepslate":612,"minecraft:mossy_cobblestone":1,"minecraft:cherry_sapling":8,"minecraft:dark_oak_log":635,"minecraft:stripped_birch_log":1,"minecraft:nether_bricks":1,"minecraft:dark_oak_fence":39,"minecraft:jungle_planks":29,"minecraft:crimson_roots":13,"minecraft:cartography_table":1,"minecraft:red_mushroom":5,"minecraft:redstone_ore":14,"minecraft:andesite":61,"minecraft:potatoes":148,"minecraft:cobblestone_slab":5,"minecraft:vine":3,"minecraft:rail":42,"minecraft:warped_stem":5,"minecraft:bamboo_sapling":10,"minecraft:bamboo":144,"minecraft:white_wool":20,"minecraft:smithing_table":2,"minecraft:oak_slab":24,"minecraft:birch_stairs":9,"minecraft:glass_pane":17,"minecraft:dandelion":10,"minecraft:cornflower":4,"minecraft:lightning_rod":1,"minecraft:tall_grass":17,"minecraft:copper_ore":26,"minecraft:deepslate_gold_ore":48,"minecraft:diorite":14,"minecraft:warped_wart_block":34,"minecraft:spruce_log":7,"minecraft:white_carpet":8,"minecraft:birch_leaves":4,"minecraft:gravel":70,"minecraft:gold_ore":13,"minecraft:fern":114,"magistuarmory:pavise_upper_collision":1,"minecraft:large_amethyst_bud":2,"minecraft:oak_sapling":1,"minecraft:potted_cactus":11,"minecraft:cherry_trapdoor":4,"minecraft:budding_amethyst":5,"minecraft:grass_block":992,"minecraft:smooth_stone":2,"minecraft:iron_ore":403,"minecraft:azure_bluet":3,"minecraft:dark_oak_stairs":28,"minecraft:deepslate_redstone_ore":38,"minecraft:quartz_block":9,"minecraft:medium_amethyst_bud":2,"minecraft:clay":12,"minecraft:poppy":13,"minecraft:chest":30,"minecraft:nether_quartz_ore":303,"minecraft:cobblestone":25,"minecraft:oak_planks":30,"minecraft:wall_torch":40,"minecraft:deepslate_copper_ore":8,"minecraft:dark_oak_slab":43,"minecraft:birch_log":166,"minecraft:smooth_stone_slab":6,"minecraft:oak_log":256,"minecraft:beetroots":2,"minecraft:sand":89,"minecraft:dirt":482,"minecraft:netherrack":67,"minecraft:oak_leaves":298,"minecraft:nether_gold_ore":58,"minecraft:tuff":19,"minecraft:pink_carpet":3,"minecraft:dark_oak_leaves":17,"minecraft:deepslate_diamond_ore":57,"minecraft:oak_door":1,"minecraft:glow_lichen":1,"minecraft:light_blue_glazed_terracotta":88,"minecraft:polished_andesite_slab":17,"minecraft:birch_slab":1,"minecraft:spruce_leaves":2,"minecraft:sandstone":35,"minecraft:hay_block":35,"minecraft:oak_trapdoor":8,"minecraft:furnace":4,"minecraft:carrots":61,"minecraft:peony":8,"minecraft:bell":1,"minecraft:nether_brick_fence":2,"minecraft:polished_deepslate":11,"minecraft:potted_cherry_sapling":1,"minecraft:bookshelf":9,"minecraft:deepslate_iron_ore":157,"minecraft:shroomlight":1,"minecraft:lantern":2,"minecraft:stripped_oak_log":1,"minecraft:stone":1270,"minecraft:scaffolding":67,"minecraft:crafting_table":13,"minecraft:rose_bush":40,"minecraft:lime_carpet":1,"minecraft:lectern":1,"minecraft:deepslate_coal_ore":1,"minecraft:lapis_ore":4,"minecraft:birch_planks":148,"minecraft:sea_pickle":6,"minecraft:white_wall_banner":2,"minecraft:coal_ore":276,"minecraft:cocoa":6,"minecraft:cherry_leaves":46,"minecraft:flower_pot":13,"minecraft:polished_andesite":27}},"DataVersion":3465}