{"stats":{"minecraft:used":{"minecraft:peony":2,"minecraft:beetroot":2,"minecraft:writable_book":19,"minecraft:ladder":10,"minecraft:poppy":1,"minecraft:chest":54,"minecraft:rotten_flesh":67,"minecraft:jungle_fence_gate":4,"minecraft:birch_sapling":3,"magistuarmory:diamond_rondache":21,"minecraft:polished_andesite_stairs":63,"minecraft:quartz_block":90,"minecraft:dark_oak_slab":137,"minecraft:cherry_leaves":25,"magistuarmory:diamond_katzbalger":12,"minecraft:bow":2,"minecraft:oak_sapling":2,"minecraft:furnace":10,"minecraft:egg":2,"minecraft:potato":333,"minecraft:diorite":6,"minecraft:powered_rail":6,"minecraft:leather_chestplate":1,"minecraft:wooden_pickaxe":6,"minecraft:clay":1,"minecraft:oak_leaves":113,"minecraft:glow_berries":1,"minecraft:sand":102,"magistuarmory:knight_leggings":2,"minecraft:blast_furnace":6,"magistuarmory:longbow":165,"minecraft:deepslate_brick_stairs":3,"minecraft:lightning_rod":1,"minecraft:birch_slab":14,"minecraft:lectern":1,"minecraft:polished_andesite_slab":33,"minecraft:dark_oak_fence":16,"minecraft:smithing_table":2,"minecraft:oak_trapdoor":22,"minecraft:armor_stand":2,"minecraft:netherrack":48,"minecraft:torch":117,"minecraft:anvil":1,"minecraft:iron_block":1,"minecraft:iron_axe":500,"minecraft:cherry_slab":34,"epicfight:stone_greatsword":2,"minecraft:barrel":21,"minecraft:bamboo":37,"minecraft:glowstone":1,"minecraft:cherry_log":11,"minecraft:cobbled_deepslate":54,"minecraft:orange_terracotta":1,"minecraft:wheat_seeds":860,"minecraft:water_bucket":2,"minecraft:light_blue_glazed_terracotta":85,"magistuarmory:iron_katzbalger":249,"minecraft:birch_planks":490,"minecraft:lead":2,"minecraft:cartography_table":2,"minecraft:deepslate_bricks":43,"minecraft:crafting_table":17,"magistuarmory:stone_claymore":80,"minecraft:oak_slab":56,"minecraft:red_bed":4,"minecraft:white_bed":6,"minecraft:spruce_log":12,"minecraft:music_disc_strad":1,"minecraft:oak_log":63,"minecraft:diamond_pickaxe":727,"minecraft:diamond_shovel":944,"minecraft:iron_pickaxe":2286,"magistuarmory:wood_pavese":2,"minecraft:suspicious_stew":2,"minecraft:spruce_sapling":160,"magistuarmory:kastenbrust_chestplate":1,"minecraft:green_carpet":3,"magistuarmory:steel_heatershield":1,"minecraft:cobblestone":143,"minecraft:porkchop":6,"minecraft:glass_pane":78,"minecraft:dandelion":3,"minecraft:jukebox":1,"epicfight:uchigatana":59,"minecraft:cherry_sapling":26,"minecraft:polished_deepslate":87,"minecraft:bell":1,"minecraft:jungle_planks":90,"minecraft:carrot":63,"minecraft:tuff":1,"minecraft:music_disc_13":1,"minecraft:milk_bucket":8,"minecraft:obsidian":5,"minecraft:glass":39,"minecraft:lantern":21,"minecraft:item_frame":2,"minecraft:red_carpet":4,"magistuarmory:ceremonialarmet":2,"minecraft:hay_block":2,"minecraft:scaffolding":222,"minecraft:dark_oak_sapling":46,"minecraft:dark_oak_stairs":132,"epicfight:skillbook":18,"minecraft:oak_planks":97,"minecraft:stone_pickaxe":1181,"minecraft:dark_oak_sign":6,"minecraft:jungle_fence":4,"minecraft:sandstone":49,"minecraft:diamond_axe":2284,"magistuarmory:ceremonial_chestplate":2,"minecraft:loom":1,"minecraft:crossbow":4,"minecraft:stone_brick_wall":2,"minecraft:black_bed":7,"minecraft:shears":332,"epicfight:iron_tachi":503,"minecraft:bread":5,"minecraft:gravel":37,"epicfight:diamond_dagger":25,"minecraft:grindstone":1,"minecraft:cooked_rabbit":1,"minecraft:andesite":12,"minecraft:smooth_stone_slab":17,"minecraft:bone_meal":339,"minecraft:experience_bottle":2,"minecraft:oak_fence":26,"minecraft:rose_bush":19,"minecraft:stone_shovel":75,"minecraft:stone_hoe":33,"minecraft:cooked_chicken":1,"minecraft:oak_door":5,"minecraft:dirt":1823,"minecraft:white_carpet":14,"minecraft:hopper":2,"minecraft:pink_carpet":3,"minecraft:granite":7,"minecraft:dark_oak_planks":470,"minecraft:stone_brick_slab":14,"minecraft:oak_stairs":145,"minecraft:cherry_trapdoor":4,"epicfight:glove":54,"epicfight:diamond_tachi":1753,"minecraft:cooked_beef":71,"minecraft:cooked_mutton":10,"magistuarmory:steel_estoc":5,"minecraft:polished_andesite":240,"minecraft:baked_potato":321,"magistuarmory:ceremonial_boots":2,"minecraft:stonecutter":2,"minecraft:cobblestone_slab":1,"minecraft:music_disc_cat":1,"minecraft:bamboo_block":2,"magistuarmory:diamond_flamebladedsword":8,"minecraft:smoker":8,"minecraft:flower_pot":23,"magistuarmory:rustedbarbute":1,"minecraft:stone_axe":1045,"minecraft:white_banner":3,"minecraft:jungle_door":2,"minecraft:bucket":3,"minecraft:pumpkin_pie":9,"minecraft:smooth_stone":2,"minecraft:birch_stairs":25},"minecraft:mined":{"minecraft:dark_oak_planks":110,"minecraft:white_bed":3,"minecraft:cherry_log":208,"minecraft:jungle_leaves":5,"minecraft:obsidian":23,"minecraft:potted_dead_bush":2,"minecraft:granite":20,"minecraft:jungle_log":33,"minecraft:deepslate_bricks":16,"minecraft:hopper":2,"minecraft:crimson_fungus":2,"minecraft:oxeye_daisy":2,"minecraft:spawner":3,"minecraft:tall_seagrass":3,"minecraft:magma_block":3,"minecraft:cobbled_deepslate":1,"minecraft:fire":3,"minecraft:barrel":5,"minecraft:pumpkin":32,"minecraft:moss_carpet":2,"minecraft:deepslate_lapis_ore":39,"minecraft:potted_dandelion":1,"minecraft:cave_vines":10,"minecraft:dirt_path":15,"minecraft:oak_stairs":55,"minecraft:deepslate_brick_stairs":1,"minecraft:green_carpet":8,"minecraft:iron_block":1,"minecraft:brown_mushroom":13,"minecraft:red_bed":4,"minecraft:smoker":3,"minecraft:amethyst_cluster":16,"minecraft:torch":17,"minecraft:melon":3,"minecraft:polished_andesite_stairs":7,"minecraft:dead_bush":3,"minecraft:sugar_cane":262,"minecraft:amethyst_block":1,"minecraft:cherry_slab":12,"minecraft:chain":47,"minecraft:wheat":308,"minecraft:black_bed":4,"minecraft:grass":485,"minecraft:dark_oak_sapling":2,"minecraft:loom":1,"minecraft:stonecutter":1,"minecraft:deepslate":631,"minecraft:mossy_cobblestone":1,"minecraft:cherry_sapling":8,"minecraft:dark_oak_log":635,"minecraft:stripped_birch_log":1,"minecraft:nether_bricks":1,"minecraft:dark_oak_fence":47,"minecraft:allium":42,"minecraft:jungle_planks":29,"minecraft:crimson_roots":13,"minecraft:moss_block":21,"minecraft:cartography_table":1,"minecraft:red_mushroom":5,"minecraft:redstone_ore":14,"minecraft:andesite":109,"minecraft:big_dripleaf_stem":1,"minecraft:potatoes":308,"minecraft:cobblestone_slab":5,"minecraft:vine":3,"minecraft:rail":42,"minecraft:warped_stem":5,"minecraft:bamboo_sapling":10,"minecraft:bamboo":144,"minecraft:white_wool":20,"minecraft:smithing_table":2,"minecraft:oak_slab":24,"minecraft:birch_stairs":9,"minecraft:glass_pane":17,"minecraft:stone_brick_slab":2,"minecraft:dandelion":13,"minecraft:cornflower":4,"minecraft:lightning_rod":1,"minecraft:tall_grass":20,"minecraft:copper_ore":26,"minecraft:deepslate_gold_ore":48,"minecraft:diorite":14,"minecraft:big_dripleaf":1,"minecraft:warped_wart_block":34,"minecraft:white_carpet":8,"minecraft:spruce_log":1836,"minecraft:birch_leaves":4,"minecraft:gravel":70,"minecraft:dripstone_block":16,"minecraft:gold_ore":16,"minecraft:fern":114,"magistuarmory:pavise_upper_collision":1,"minecraft:large_amethyst_bud":2,"minecraft:oak_sapling":1,"minecraft:potted_cactus":11,"minecraft:cherry_trapdoor":4,"minecraft:cave_vines_plant":1,"minecraft:budding_amethyst":5,"minecraft:grass_block":1007,"minecraft:smooth_stone":2,"minecraft:iron_ore":420,"minecraft:azure_bluet":3,"minecraft:dark_oak_stairs":28,"minecraft:pointed_dripstone":5,"minecraft:azalea":2,"minecraft:deepslate_redstone_ore":38,"minecraft:quartz_block":9,"minecraft:medium_amethyst_bud":2,"minecraft:clay":13,"minecraft:poppy":13,"minecraft:chest":31,"minecraft:nether_quartz_ore":303,"minecraft:cobblestone":26,"minecraft:oak_planks":30,"minecraft:wall_torch":40,"minecraft:deepslate_copper_ore":8,"minecraft:seagrass":2,"minecraft:dark_oak_slab":44,"minecraft:birch_log":166,"minecraft:smooth_stone_slab":6,"minecraft:oak_log":256,"minecraft:beetroots":2,"minecraft:sand":98,"minecraft:dirt":504,"minecraft:netherrack":67,"minecraft:oak_leaves":298,"minecraft:nether_gold_ore":58,"minecraft:tuff":19,"minecraft:pink_carpet":3,"minecraft:dark_oak_leaves":17,"minecraft:deepslate_diamond_ore":57,"minecraft:oak_door":3,"minecraft:glow_lichen":1,"minecraft:ladder":5,"minecraft:light_blue_glazed_terracotta":88,"minecraft:polished_andesite_slab":17,"minecraft:birch_slab":1,"minecraft:spruce_leaves":143,"minecraft:sandstone":47,"minecraft:hay_block":35,"minecraft:spore_blossom":3,"minecraft:oak_trapdoor":8,"minecraft:spruce_sapling":59,"minecraft:furnace":5,"minecraft:carrots":78,"minecraft:peony":8,"minecraft:bell":1,"minecraft:nether_brick_fence":2,"minecraft:polished_deepslate":11,"minecraft:potted_cherry_sapling":1,"minecraft:bookshelf":9,"minecraft:deepslate_iron_ore":161,"minecraft:shroomlight":1,"minecraft:lantern":2,"minecraft:stripped_oak_log":1,"minecraft:stone":1296,"minecraft:jungle_fence_gate":2,"minecraft:podzol":1,"minecraft:scaffolding":67,"minecraft:flowering_azalea":1,"minecraft:crafting_table":13,"minecraft:rose_bush":41,"minecraft:lime_carpet":1,"minecraft:lectern":1,"minecraft:deepslate_coal_ore":1,"minecraft:lapis_ore":6,"minecraft:birch_planks":148,"minecraft:sea_pickle":6,"minecraft:white_wall_banner":2,"minecraft:coal_ore":321,"minecraft:cocoa":6,"minecraft:cherry_leaves":46,"minecraft:flower_pot":13,"minecraft:polished_andesite":27},"minecraft:killed_by":{"minecraft:pillager":4,"minecraft:zombie":6,"minecraft:vex":1,"minecraft:creeper":8,"minecraft:player":5,"minecraft:spider":2,"minecraft:enderman":5,"minecraft:skeleton":3},"minecraft:broken":{"minecraft:shears":1,"magistuarmory:kastenbrust_chestplate":1,"magistuarmory:face_helmet":1,"epicfight:iron_tachi":2,"magistuarmory:kastenbrust_boots":1,"minecraft:iron_axe":2,"minecraft:iron_pickaxe":9,"magistuarmory:iron_katzbalger":1,"epicfight:diamond_tachi":1,"minecraft:golden_leggings":1,"minecraft:stone_pickaxe":9,"minecraft:stone_axe":8,"magistuarmory:kastenbrust_leggings":1,"minecraft:diamond_axe":1},"minecraft:picked_up":{"minecraft:seagrass":6,"minecraft:chainmail_boots":2,"minecraft:suspicious_stew":5,"minecraft:flower_pot":32,"minecraft:smithing_table":2,"minecraft:lead":30,"minecraft:oak_stairs":83,"minecraft:amethyst_block":1,"minecraft:polished_deepslate":227,"minecraft:string":219,"minecraft:shroomlight":1,"minecraft:beetroot":6,"minecraft:gold_nugget":458,"minecraft:cobbled_deepslate":797,"minecraft:spruce_planks":1,"minecraft:melon_slice":17,"minecraft:golden_helmet":2,"minecraft:big_dripleaf":7,"minecraft:pink_carpet":6,"minecraft:lightning_rod":1,"minecraft:cherry_log":218,"minecraft:rabbit_foot":2,"minecraft:stone_sword":7,"minecraft:tropical_fish":3,"minecraft:iron_block":1,"minecraft:glowstone":15,"minecraft:blaze_rod":10,"minecraft:birch_log":232,"minecraft:magma_block":3,"minecraft:feather":20,"minecraft:cooked_beef":322,"magistuarmory:rustedchainmail_boots":1,"minecraft:cherry_leaves":25,"minecraft:birch_slab":7,"minecraft:jungle_log":39,"minecraft:brown_wool":3,"minecraft:smoker":3,"minecraft:flint":9,"minecraft:map":2,"minecraft:lantern":17,"minecraft:stonecutter":1,"minecraft:dark_oak_sign":6,"magistuarmory:kastenbrust_chestplate":6,"minecraft:rabbit":18,"minecraft:glowstone_dust":11,"minecraft:moss_block":18,"magistuarmory:face_helmet":5,"minecraft:warped_wart_block":68,"minecraft:stripped_spruce_log":1192,"minecraft:ink_sac":14,"minecraft:loom":1,"minecraft:dark_oak_log":927,"minecraft:barrel":5,"magistuarmory:steel_estoc":2,"minecraft:polished_andesite":50,"minecraft:writable_book":5,"minecraft:granite":32,"magistuarmory:wood_pavese":2,"minecraft:chainmail_helmet":1,"minecraft:cherry_slab":16,"minecraft:dark_oak_fence":115,"minecraft:crimson_roots":13,"minecraft:diamond_pickaxe":9,"minecraft:spruce_leaves":90,"minecraft:crafting_table":15,"minecraft:clay_ball":52,"minecraft:leather_leggings":2,"minecraft:cornflower":5,"minecraft:red_bed":5,"magistuarmory:ceremonial_chestplate":10,"minecraft:flint_and_steel":3,"minecraft:white_carpet":6,"minecraft:cartography_table":1,"minecraft:beef":97,"magistuarmory:ceremonial_boots":10,"minecraft:jungle_sapling":1,"minecraft:iron_nugget":115,"minecraft:poppy":17,"minecraft:chest":32,"minecraft:birch_sapling":21,"minecraft:egg":87,"minecraft:sandstone":51,"minecraft:stone":64,"minecraft:raw_gold_block":6,"minecraft:oak_door":5,"magistuarmory:stone_claymore":19,"magistuarmory:rustedbarbute":5,"minecraft:jungle_fence_gate":4,"minecraft:carrot":334,"minecraft:redstone":272,"magistuarmory:steel_ingot":21,"minecraft:beetroot_seeds":35,"minecraft:peony":8,"minecraft:shears":1,"minecraft:deepslate_bricks":146,"minecraft:hay_block":101,"minecraft:gold_ingot":1,"minecraft:totem_of_undying":7,"minecraft:glow_berries":30,"minecraft:mutton":47,"minecraft:white_wool":60,"minecraft:rail":46,"minecraft:oxeye_daisy":2,"minecraft:stripped_oak_log":1,"magistuarmory:rustedhalfarmor_chestplate":1,"minecraft:jungle_fence":67,"minecraft:red_mushroom":10,"minecraft:filled_map":6,"minecraft:oak_log":277,"minecraft:golden_boots":5,"minecraft:paper":30,"minecraft:white_banner":40,"minecraft:apple":37,"minecraft:warped_stem":10,"minecraft:spore_blossom":4,"minecraft:music_disc_far":2,"minecraft:stone_pickaxe":14,"minecraft:flowering_azalea":3,"minecraft:dark_oak_stairs":97,"minecraft:polished_andesite_stairs":10,"minecraft:milk_bucket":3,"minecraft:dark_oak_slab":129,"epicfight:stone_greatsword":1,"minecraft:light_blue_glazed_terracotta":91,"minecraft:gravel":200,"magistuarmory:longbow":26,"minecraft:birch_stairs":17,"epicfight:uchigatana":3,"minecraft:spruce_sapling":309,"minecraft:spruce_log":2181,"minecraft:diamond_shovel":1,"minecraft:coal_ore":256,"minecraft:stone_axe":21,"minecraft:diamond_axe":2,"minecraft:gray_wool":2,"minecraft:oak_button":1,"minecraft:baked_potato":419,"minecraft:pink_dye":5,"minecraft:hopper":3,"minecraft:ender_pearl":13,"minecraft:wheat":331,"minecraft:music_disc_strad":3,"minecraft:lapis_block":3,"minecraft:raw_copper":234,"minecraft:smooth_stone_slab":10,"magistuarmory:iron_katzbalger":5,"minecraft:armor_stand":2,"minecraft:experience_bottle":4,"minecraft:oak_sign":4,"minecraft:sea_pickle":13,"minecraft:smooth_stone":2,"minecraft:bucket":9,"minecraft:rose_bush":77,"minecraft:redstone_torch":1,"minecraft:cobblestone_slab":3,"minecraft:azalea":2,"minecraft:iron_pickaxe":34,"minecraft:iron_boots":1,"minecraft:furnace":6,"minecraft:stick":359,"minecraft:oak_fence":26,"minecraft:torch":103,"epicfight:skillbook":37,"minecraft:porkchop":68,"minecraft:pointed_dripstone":12,"minecraft:diorite":27,"minecraft:quartz_block":99,"minecraft:cactus":11,"minecraft:rotten_flesh":1370,"epicfight:glove":1,"minecraft:deepslate_brick_stairs":1,"minecraft:obsidian":23,"minecraft:cobblestone":2699,"minecraft:leather_chestplate":1,"minecraft:magma_cream":38,"minecraft:andesite":130,"minecraft:black_bed":4,"minecraft:golden_leggings":5,"minecraft:potato":1171,"magistuarmory:ceremonialarmet":10,"minecraft:tuff":32,"minecraft:dirt":2314,"minecraft:lapis_lazuli":312,"minecraft:stripped_birch_log":2,"minecraft:leather_boots":2,"minecraft:glass":33,"minecraft:bone":278,"minecraft:bow":12,"minecraft:wheat_seeds":1306,"minecraft:raw_gold":73,"minecraft:bell":1,"magistuarmory:kastenbrust_leggings":6,"magistuarmory:steel_heatershield":1,"magistuarmory:diamond_rondache":6,"minecraft:bamboo":2140,"minecraft:oak_planks":319,"minecraft:stone_hoe":3,"minecraft:music_disc_13":2,"minecraft:poisonous_potato":6,"minecraft:sand":161,"minecraft:jungle_planks":58,"minecraft:dead_bush":2,"minecraft:diamond_block":11,"magistuarmory:rustedgreathelm":2,"minecraft:chiseled_sandstone":2,"minecraft:mossy_cobblestone":1,"minecraft:sugar":158,"minecraft:diamond":113,"magistuarmory:corruptedroundshield":1,"minecraft:crossbow":33,"minecraft:bone_meal":190,"minecraft:emerald":25,"minecraft:oak_sapling":66,"minecraft:netherrack":64,"minecraft:oak_leaves":292,"minecraft:cocoa_beans":33,"minecraft:charcoal":4,"minecraft:allium":35,"minecraft:azure_bluet":3,"minecraft:chicken":14,"minecraft:ladder":5,"minecraft:brown_mushroom":12,"minecraft:stone_brick_wall":2,"minecraft:pink_wool":1,"minecraft:wooden_pickaxe":1,"minecraft:cooked_rabbit":1,"minecraft:chain":41,"epicfight:iron_tachi":14,"minecraft:oak_trapdoor":26,"minecraft:moss_carpet":7,"minecraft:iron_axe":3,"minecraft:wooden_sword":1,"minecraft:oak_boat":1,"magistuarmory:knight_leggings":10,"minecraft:lectern":1,"minecraft:sugar_cane":599,"minecraft:cherry_trapdoor":4,"minecraft:phantom_membrane":4,"minecraft:dark_oak_sapling":84,"minecraft:raw_iron":1205,"magistuarmory:steel_target":2,"minecraft:iron_horse_armor":2,"minecraft:dark_oak_planks":490,"minecraft:arrow":541,"minecraft:pumpkin_pie":9,"minecraft:golden_hoe":1,"minecraft:nether_bricks":1,"minecraft:saddle":7,"minecraft:glow_ink_sac":4,"minecraft:salmon":6,"minecraft:leather":61,"minecraft:birch_planks":435,"minecraft:crimson_fungus":2,"minecraft:gunpowder":261,"minecraft:orange_terracotta":1,"minecraft:coast_armor_trim_smithing_template":4,"minecraft:red_carpet":37,"magistuarmory:kastenbrust_boots":5,"minecraft:rabbit_hide":18,"minecraft:iron_ingot":77,"minecraft:polished_andesite_slab":53,"minecraft:green_dye":1,"minecraft:book":29,"minecraft:oak_slab":92,"minecraft:scaffolding":212,"minecraft:pumpkin":43,"minecraft:dripstone_block":16,"minecraft:stone_brick_slab":26,"minecraft:quartz":693,"minecraft:dandelion":18,"minecraft:raw_iron_block":128,"minecraft:amethyst_shard":92,"minecraft:white_bed":6,"minecraft:green_carpet":8,"minecraft:spider_eye":90,"epicfight:diamond_tachi":14,"minecraft:chainmail_leggings":1,"magistuarmory:rustedcrusader_boots":6,"minecraft:cherry_sapling":96,"minecraft:black_wool":4,"minecraft:coal":767},"minecraft:killed":{"minecraft:cave_spider":2,"minecraft:skeleton":143,"minecraft:chicken":5,"minecraft:tropical_fish":1,"minecraft:magma_cube":95,"minecraft:salmon":5,"minecraft:pillager":222,"minecraft:zombie":251,"minecraft:glow_squid":2,"minecraft:cow":32,"minecraft:evoker":1,"minecraft:vindicator":3,"minecraft:husk":38,"minecraft:rabbit":7,"minecraft:ravager":1,"minecraft:enderman":3,"minecraft:zombified_piglin":12,"minecraft:witch":7,"minecraft:spider":91,"minecraft:piglin":9,"minecraft:pig":14,"minecraft:zombie_villager":7,"minecraft:creeper":138,"minecraft:sheep":14,"minecraft:ghast":1,"minecraft:blaze":5,"minecraft:drowned":4,"minecraft:bat":1,"minecraft:hoglin":2,"minecraft:squid":10,"minecraft:wither_skeleton":3},"minecraft:dropped":{"minecraft:porkchop":1,"minecraft:cooked_beef":11,"minecraft:diamond":49,"minecraft:dark_oak_slab":2,"minecraft:crossbow":3,"magistuarmory:steel_target":2,"minecraft:saddle":2,"magistuarmory:kastenbrust_leggings":1,"minecraft:rail":2,"minecraft:red_mushroom":5,"minecraft:red_carpet":33,"minecraft:emerald":1,"magistuarmory:longbow":1,"minecraft:dirt":10,"magistuarmory:kastenbrust_chestplate":1,"minecraft:jungle_sapling":1,"minecraft:gold_nugget":7,"minecraft:wooden_sword":1,"minecraft:bone_meal":10,"minecraft:sand":2,"minecraft:dark_oak_planks":346,"magistuarmory:steel_plate":1,"minecraft:white_wool":1,"minecraft:stone_axe":1,"magistuarmory:small_steel_plate":5,"magistuarmory:steel_ring":5,"minecraft:pink_dye":2,"minecraft:wheat":1,"minecraft:rotten_flesh":234,"minecraft:oak_planks":80,"minecraft:azure_bluet":3,"minecraft:white_bed":2,"magistuarmory:kastenbrust_boots":1,"magistuarmory:knight_chestplate":1,"minecraft:coal_ore":256,"minecraft:jungle_log":12,"minecraft:white_dye":1,"minecraft:beef":29,"minecraft:iron_ingot":150,"minecraft:black_dye":1,"minecraft:wheat_seeds":88,"minecraft:cobblestone":3,"minecraft:apple":1,"minecraft:granite":12,"magistuarmory:rustedcrusader_boots":2,"minecraft:oxeye_daisy":2,"minecraft:gray_wool":1,"magistuarmory:steel_ingot":22,"minecraft:dead_bush":2,"minecraft:white_banner":1,"minecraft:red_dye":1,"magistuarmory:rustedbarbute":1,"minecraft:string":9,"minecraft:stone_sword":1,"epicfight:diamond_tachi":2,"minecraft:white_carpet":1,"magistuarmory:steel_nugget":25,"minecraft:suspicious_stew":1,"minecraft:light_blue_dye":1,"minecraft:cobblestone_slab":2,"minecraft:flower_pot":1,"minecraft:spruce_planks":1,"minecraft:diamond_pickaxe":1,"minecraft:spider_eye":8,"minecraft:bow":2,"minecraft:magenta_dye":1,"epicfight:skillbook":7,"minecraft:baked_potato":54,"magistuarmory:steel_estoc":1,"minecraft:ender_pearl":4,"minecraft:leather":5,"minecraft:birch_slab":1,"minecraft:dark_oak_log":168,"magistuarmory:steel_heatershield":1,"minecraft:mutton":10,"minecraft:crimson_roots":13,"minecraft:coast_armor_trim_smithing_template":2,"minecraft:pumpkin_pie":10,"minecraft:gold_ingot":26,"minecraft:gravel":21,"minecraft:diamond_shovel":2,"minecraft:carrot":21,"minecraft:poppy":2,"minecraft:gunpowder":1,"minecraft:beetroot_seeds":7,"minecraft:chainmail_boots":1,"minecraft:arrow":1,"magistuarmory:rustedchainmail_boots":1,"minecraft:poisonous_potato":6,"minecraft:stick":8,"minecraft:iron_block":4,"minecraft:blue_dye":1,"minecraft:green_dye":2,"minecraft:map":2,"epicfight:stone_greatsword":1,"minecraft:chiseled_sandstone":2,"minecraft:dandelion":8,"minecraft:redstone":4,"minecraft:blaze_rod":5,"magistuarmory:face_helmet":1,"minecraft:raw_iron":455,"magistuarmory:rustedhalfarmor_chestplate":1,"minecraft:filled_map":1,"minecraft:oak_button":1,"minecraft:andesite":7,"minecraft:oak_boat":1,"minecraft:golden_leggings":2,"minecraft:oak_sapling":3,"minecraft:stone_pickaxe":1,"minecraft:wooden_pickaxe":1},"minecraft:crafted":{"minecraft:black_dye":8,"magistuarmory:kastenbrust_leggings":1,"minecraft:smooth_stone":233,"minecraft:oak_sign":6,"epicfight:diamond_dagger":1,"magistuarmory:stone_shortsword":1,"minecraft:blaze_powder":4,"minecraft:birch_boat":1,"minecraft:birch_slab":24,"minecraft:diamond_shovel":1,"minecraft:cooked_mutton":9,"minecraft:deepslate_brick_stairs":2,"minecraft:quartz_block":171,"minecraft:glass":79,"magistuarmory:small_steel_plate":16,"minecraft:black_wool":7,"minecraft:magenta_dye":1,"minecraft:cooked_rabbit":13,"minecraft:flower_pot":7,"magistuarmory:shishak":1,"minecraft:cooked_porkchop":36,"minecraft:diamond_axe":3,"magistuarmory:gazelle_horns_decoration":1,"minecraft:polished_andesite_stairs":59,"minecraft:spruce_door":3,"minecraft:copper_ingot":72,"magistuarmory:wood_roundshield":1,"minecraft:cartography_table":1,"magistuarmory:diamond_katzbalger":1,"minecraft:iron_pickaxe":10,"minecraft:iron_block":180,"minecraft:gold_ingot":151,"minecraft:birch_stairs":36,"minecraft:stone_shovel":1,"minecraft:smooth_stone_slab":6,"minecraft:jukebox":1,"minecraft:iron_nugget":342,"magistuarmory:kastenbrust_chestplate":1,"minecraft:bone_meal":525,"magistuarmory:longbow":2,"minecraft:spruce_fence":42,"minecraft:pink_dye":10,"minecraft:white_carpet":9,"magistuarmory:rustedcrusader_boots":1,"minecraft:cherry_trapdoor":4,"minecraft:lantern":24,"minecraft:diamond":99,"minecraft:spruce_stairs":36,"minecraft:ladder":15,"minecraft:spruce_slab":12,"minecraft:stone_pickaxe":9,"minecraft:redstone_block":20,"magistuarmory:steel_ring":32,"minecraft:dark_oak_planks":1100,"magistuarmory:steel_plate":26,"minecraft:wheat":135,"magistuarmory:diamond_rondache":1,"minecraft:crossbow":9,"epicfight:iron_tachi":2,"minecraft:oak_stairs":96,"minecraft:writable_book":1,"minecraft:white_bed":3,"minecraft:brick":32,"minecraft:grindstone":1,"magistuarmory:stone_claymore":1,"minecraft:oak_planks":788,"minecraft:barrel":16,"magistuarmory:face_helmet":1,"minecraft:cherry_slab":30,"minecraft:cooked_chicken":9,"minecraft:stone":303,"minecraft:pink_carpet":3,"magistuarmory:diamond_zweihander":1,"minecraft:green_dye":1,"minecraft:bamboo_block":134,"minecraft:cake":18,"minecraft:hopper":1,"minecraft:stone_brick_slab":12,"minecraft:bow":3,"magistuarmory:iron_katzbalger":1,"minecraft:chest":22,"minecraft:copper_block":1,"minecraft:stone_hoe":1,"minecraft:oak_fence":27,"minecraft:smoker":5,"magistuarmory:steel_nugget":54,"minecraft:item_frame":2,"minecraft:oak_slab":42,"magistuarmory:diamond_shortsword":1,"minecraft:arrow":28,"minecraft:crafting_table":8,"minecraft:spruce_planks":1856,"minecraft:wooden_pickaxe":1,"minecraft:baked_potato":608,"minecraft:gold_block":1,"minecraft:birch_planks":556,"magistuarmory:rustedbarbute":1,"magistuarmory:halfarmor_chestplate":2,"minecraft:dark_oak_slab":132,"minecraft:paper":3,"minecraft:diamond_pickaxe":1,"minecraft:charcoal":8,"minecraft:pink_wool":3,"minecraft:stick":280,"minecraft:light_blue_dye":64,"minecraft:iron_ingot":1663,"magistuarmory:steel_chainmail":3,"minecraft:black_bed":3,"epicfight:diamond_tachi":2,"minecraft:deepslate_bricks":64,"minecraft:shears":2,"magistuarmory:leather_strip":18,"minecraft:cherry_planks":40,"minecraft:raw_iron":1152,"minecraft:stone_brick_wall":2,"minecraft:furnace":17,"minecraft:blast_furnace":6,"minecraft:dark_oak_trapdoor":6,"minecraft:cherry_sapling":2,"minecraft:dark_oak_sign":3,"magistuarmory:kastenbrust_boots":1,"minecraft:oak_trapdoor":24,"minecraft:glass_pane":80,"minecraft:scaffolding":96,"magistuarmory:hilt":7,"minecraft:polished_deepslate":64,"minecraft:iron_axe":2,"magistuarmory:steel_ingot":58,"minecraft:slime_ball":2,"magistuarmory:diamond_flamebladedsword":1,"minecraft:cooked_beef":68,"minecraft:sugar":129,"minecraft:red_dye":5,"minecraft:diamond_sword":2,"minecraft:dark_oak_stairs":104,"minecraft:powered_rail":6,"minecraft:iron_sword":2,"magistuarmory:knight_chestplate":1,"minecraft:bucket":4,"minecraft:stone_axe":9,"minecraft:bread":4,"minecraft:air":0,"minecraft:jungle_planks":84,"minecraft:blue_dye":80,"minecraft:jungle_door":3,"minecraft:white_wool":1,"minecraft:white_dye":68,"minecraft:raw_gold":54,"minecraft:stonecutter":1,"minecraft:anvil":1,"minecraft:pumpkin_pie":37,"minecraft:torch":88,"minecraft:lapis_lazuli":18,"minecraft:lapis_block":26,"minecraft:clay":1},"minecraft:custom":{"minecraft:interact_with_crafting_table":263,"minecraft:open_barrel":586,"minecraft:leave_game":22,"minecraft:time_since_death":23147,"minecraft:damage_blocked_by_shield":916,"minecraft:play_time":2371031,"minecraft:deaths":38,"minecraft:jump":30001,"minecraft:enchant_item":11,"minecraft:interact_with_furnace":332,"minecraft:play_record":3,"minecraft:traded_with_villager":5,"minecraft:interact_with_cartography_table":4,"minecraft:sleep_in_bed":70,"minecraft:damage_dealt":188271,"minecraft:interact_with_smoker":111,"minecraft:horse_one_cm":3611255,"minecraft:interact_with_smithing_table":4,"minecraft:inspect_dropper":12,"minecraft:interact_with_anvil":7,"minecraft:inspect_hopper":18,"minecraft:damage_dealt_absorbed":3436,"minecraft:sneak_time":35418,"minecraft:interact_with_blast_furnace":212,"minecraft:total_world_time":2371031,"minecraft:interact_with_stonecutter":14,"minecraft:time_since_rest":10002,"minecraft:swim_one_cm":660444,"minecraft:fly_one_cm":8935717,"minecraft:open_chest":1094,"minecraft:fall_one_cm":1144579,"minecraft:animals_bred":164,"minecraft:sprint_one_cm":8419647,"minecraft:drop":965,"minecraft:talked_to_villager":26,"minecraft:interact_with_brewingstand":1,"minecraft:walk_on_water_one_cm":203047,"minecraft:interact_with_loom":1,"minecraft:open_enderchest":1,"minecraft:player_kills":1,"minecraft:crouch_one_cm":194676,"minecraft:mob_kills":1151,"minecraft:climb_one_cm":260544,"minecraft:walk_one_cm":12896061,"minecraft:raid_win":1,"minecraft:walk_under_water_one_cm":261859,"minecraft:boat_one_cm":12203,"minecraft:pot_flower":11,"minecraft:interact_with_grindstone":7,"minecraft:damage_taken":27368}},"DataVersion":3465}