{"stats":{"minecraft:crafted":{"minecraft:black_dye":4,"magistuarmory:kastenbrust_leggings":1,"minecraft:smooth_stone":41,"minecraft:oak_sign":6,"epicfight:diamond_dagger":1,"magistuarmory:stone_shortsword":1,"minecraft:blaze_powder":4,"minecraft:birch_slab":24,"minecraft:cooked_mutton":8,"minecraft:deepslate_brick_stairs":2,"minecraft:quartz_block":171,"minecraft:glass":79,"magistuarmory:small_steel_plate":16,"minecraft:black_wool":4,"minecraft:cooked_rabbit":1,"minecraft:flower_pot":7,"magistuarmory:shishak":1,"minecraft:cooked_porkchop":16,"magistuarmory:gazelle_horns_decoration":1,"minecraft:copper_ingot":72,"magistuarmory:diamond_katzbalger":1,"minecraft:iron_pickaxe":10,"minecraft:iron_block":180,"minecraft:gold_ingot":151,"minecraft:birch_stairs":36,"minecraft:stone_shovel":1,"minecraft:iron_nugget":342,"magistuarmory:kastenbrust_chestplate":1,"minecraft:bone_meal":132,"magistuarmory:longbow":2,"minecraft:pink_dye":8,"minecraft:white_carpet":9,"minecraft:cherry_trapdoor":4,"minecraft:lantern":24,"minecraft:diamond":99,"minecraft:ladder":15,"minecraft:stone_pickaxe":9,"minecraft:redstone_block":20,"magistuarmory:steel_ring":32,"minecraft:dark_oak_planks":1092,"magistuarmory:steel_plate":26,"minecraft:wheat":18,"minecraft:crossbow":5,"epicfight:iron_tachi":2,"minecraft:oak_stairs":96,"minecraft:writable_book":1,"minecraft:white_bed":3,"minecraft:brick":32,"magistuarmory:stone_claymore":1,"minecraft:oak_planks":788,"minecraft:barrel":16,"magistuarmory:face_helmet":1,"minecraft:cherry_slab":30,"minecraft:cooked_chicken":2,"minecraft:stone":111,"minecraft:pink_carpet":3,"magistuarmory:diamond_zweihander":1,"minecraft:bamboo_block":97,"minecraft:hopper":1,"minecraft:stone_brick_slab":12,"minecraft:bow":2,"magistuarmory:iron_katzbalger":1,"minecraft:chest":22,"minecraft:copper_block":1,"minecraft:stone_hoe":1,"minecraft:oak_fence":27,"minecraft:smoker":4,"magistuarmory:steel_nugget":54,"minecraft:oak_slab":42,"magistuarmory:diamond_shortsword":1,"minecraft:arrow":28,"minecraft:crafting_table":8,"minecraft:wooden_pickaxe":1,"minecraft:baked_potato":133,"minecraft:gold_block":1,"minecraft:birch_planks":416,"magistuarmory:halfarmor_chestplate":2,"minecraft:dark_oak_slab":120,"minecraft:diamond_pickaxe":1,"minecraft:charcoal":8,"minecraft:pink_wool":3,"minecraft:stick":124,"minecraft:light_blue_dye":64,"minecraft:iron_ingot":1560,"magistuarmory:steel_chainmail":3,"minecraft:black_bed":2,"epicfight:diamond_tachi":2,"minecraft:deepslate_bricks":64,"minecraft:shears":1,"magistuarmory:leather_strip":18,"minecraft:cherry_planks":32,"minecraft:raw_iron":1152,"minecraft:stone_brick_wall":2,"minecraft:furnace":15,"minecraft:blast_furnace":6,"minecraft:dark_oak_trapdoor":6,"minecraft:cherry_sapling":2,"minecraft:dark_oak_sign":3,"magistuarmory:kastenbrust_boots":1,"minecraft:glass_pane":80,"minecraft:oak_trapdoor":24,"minecraft:scaffolding":96,"magistuarmory:hilt":7,"minecraft:polished_deepslate":64,"minecraft:iron_axe":2,"magistuarmory:steel_ingot":50,"magistuarmory:diamond_flamebladedsword":1,"minecraft:cooked_beef":30,"minecraft:sugar":55,"minecraft:red_dye":4,"minecraft:diamond_sword":2,"minecraft:dark_oak_stairs":96,"minecraft:iron_sword":2,"magistuarmory:knight_chestplate":1,"minecraft:bucket":1,"minecraft:stone_axe":9,"minecraft:bread":4,"minecraft:air":0,"minecraft:jungle_planks":84,"minecraft:blue_dye":79,"minecraft:jungle_door":3,"minecraft:white_dye":68,"minecraft:raw_gold":54,"minecraft:pumpkin_pie":17,"minecraft:torch":80,"minecraft:lapis_lazuli":18,"minecraft:lapis_block":26},"minecraft:killed_by":{"minecraft:pillager":4,"minecraft:zombie":6,"minecraft:vex":1,"minecraft:creeper":8,"minecraft:player":4,"minecraft:spider":2,"minecraft:enderman":2,"minecraft:skeleton":2},"minecraft:dropped":{"minecraft:porkchop":1,"minecraft:diamond":49,"minecraft:dark_oak_slab":2,"minecraft:crossbow":3,"magistuarmory:steel_target":2,"minecraft:saddle":2,"magistuarmory:kastenbrust_leggings":1,"minecraft:red_mushroom":5,"minecraft:emerald":1,"magistuarmory:longbow":1,"minecraft:dirt":10,"magistuarmory:kastenbrust_chestplate":1,"minecraft:jungle_sapling":1,"minecraft:wooden_sword":1,"minecraft:gold_nugget":7,"minecraft:bone_meal":4,"minecraft:dark_oak_planks":284,"minecraft:white_wool":1,"magistuarmory:steel_plate":1,"minecraft:stone_axe":1,"magistuarmory:small_steel_plate":5,"magistuarmory:steel_ring":5,"minecraft:wheat":1,"minecraft:rotten_flesh":171,"minecraft:oak_planks":80,"minecraft:azure_bluet":3,"minecraft:white_bed":2,"magistuarmory:kastenbrust_boots":1,"magistuarmory:knight_chestplate":1,"minecraft:coal_ore":256,"minecraft:jungle_log":12,"minecraft:beef":29,"minecraft:iron_ingot":102,"minecraft:wheat_seeds":85,"minecraft:cobblestone":3,"minecraft:apple":1,"minecraft:granite":12,"minecraft:oxeye_daisy":2,"minecraft:gray_wool":1,"magistuarmory:steel_ingot":22,"minecraft:dead_bush":2,"minecraft:white_banner":1,"minecraft:string":4,"minecraft:stone_sword":1,"epicfight:diamond_tachi":2,"minecraft:white_carpet":1,"magistuarmory:steel_nugget":25,"minecraft:suspicious_stew":1,"minecraft:flower_pot":1,"minecraft:diamond_pickaxe":1,"minecraft:spider_eye":6,"minecraft:bow":1,"epicfight:skillbook":5,"magistuarmory:steel_estoc":1,"minecraft:ender_pearl":4,"minecraft:leather":5,"minecraft:birch_slab":1,"minecraft:mutton":10,"minecraft:crimson_roots":13,"minecraft:coast_armor_trim_smithing_template":2,"minecraft:pumpkin_pie":10,"minecraft:gold_ingot":26,"minecraft:gravel":15,"minecraft:carrot":21,"minecraft:gunpowder":1,"minecraft:beetroot_seeds":7,"minecraft:arrow":1,"minecraft:poisonous_potato":4,"minecraft:stick":8,"epicfight:stone_greatsword":1,"minecraft:chiseled_sandstone":2,"minecraft:dandelion":6,"minecraft:blaze_rod":5,"magistuarmory:face_helmet":1,"minecraft:raw_iron":455,"minecraft:oak_button":1,"minecraft:oak_boat":1,"minecraft:oak_sapling":3,"minecraft:stone_pickaxe":1,"minecraft:wooden_pickaxe":1},"minecraft:broken":{"magistuarmory:kastenbrust_chestplate":1,"magistuarmory:face_helmet":1,"epicfight:iron_tachi":2,"magistuarmory:kastenbrust_boots":1,"minecraft:iron_axe":1,"minecraft:iron_pickaxe":5,"magistuarmory:iron_katzbalger":1,"minecraft:golden_leggings":1,"minecraft:stone_pickaxe":9,"minecraft:stone_axe":8,"magistuarmory:kastenbrust_leggings":1},"minecraft:custom":{"minecraft:interact_with_crafting_table":198,"minecraft:open_barrel":386,"minecraft:leave_game":14,"minecraft:time_since_death":155563,"minecraft:play_time":1586691,"minecraft:deaths":32,"minecraft:jump":17095,"minecraft:enchant_item":10,"minecraft:interact_with_furnace":254,"minecraft:traded_with_villager":3,"minecraft:interact_with_cartography_table":2,"minecraft:sleep_in_bed":44,"minecraft:damage_dealt":157559,"minecraft:interact_with_smoker":52,"minecraft:horse_one_cm":3592300,"minecraft:interact_with_smithing_table":2,"minecraft:inspect_dropper":10,"minecraft:interact_with_anvil":2,"minecraft:inspect_hopper":18,"minecraft:damage_dealt_absorbed":3348,"minecraft:sneak_time":28588,"minecraft:interact_with_blast_furnace":194,"minecraft:total_world_time":1586691,"minecraft:interact_with_stonecutter":7,"minecraft:time_since_rest":16575,"minecraft:swim_one_cm":496367,"minecraft:fly_one_cm":5641452,"minecraft:open_chest":613,"minecraft:fall_one_cm":657163,"minecraft:animals_bred":58,"minecraft:sprint_one_cm":5954921,"minecraft:drop":883,"minecraft:talked_to_villager":11,"minecraft:interact_with_brewingstand":1,"minecraft:walk_on_water_one_cm":157679,"minecraft:crouch_one_cm":167402,"minecraft:mob_kills":950,"minecraft:climb_one_cm":143292,"minecraft:walk_one_cm":9063703,"minecraft:raid_win":1,"minecraft:walk_under_water_one_cm":185146,"minecraft:boat_one_cm":12203,"minecraft:pot_flower":5,"minecraft:interact_with_grindstone":6,"minecraft:damage_taken":22638},"minecraft:mined":{"minecraft:dark_oak_planks":79,"minecraft:white_bed":3,"minecraft:cherry_log":28,"minecraft:jungle_leaves":5,"minecraft:obsidian":23,"minecraft:potted_dead_bush":2,"minecraft:granite":13,"minecraft:jungle_log":33,"minecraft:deepslate_bricks":16,"minecraft:crimson_fungus":2,"minecraft:hopper":2,"minecraft:oxeye_daisy":2,"minecraft:spawner":3,"minecraft:tall_seagrass":1,"minecraft:cobbled_deepslate":1,"minecraft:fire":3,"minecraft:pumpkin":32,"minecraft:deepslate_lapis_ore":39,"minecraft:dirt_path":2,"minecraft:oak_stairs":51,"minecraft:deepslate_brick_stairs":1,"minecraft:green_carpet":8,"minecraft:iron_block":1,"minecraft:brown_mushroom":13,"minecraft:red_bed":4,"minecraft:smoker":3,"minecraft:amethyst_cluster":16,"minecraft:torch":17,"minecraft:melon":3,"minecraft:dead_bush":3,"minecraft:amethyst_block":1,"minecraft:cherry_slab":12,"minecraft:chain":47,"minecraft:wheat":162,"minecraft:grass":375,"minecraft:dark_oak_sapling":1,"minecraft:deepslate":612,"minecraft:mossy_cobblestone":1,"minecraft:cherry_sapling":8,"minecraft:dark_oak_log":465,"minecraft:nether_bricks":1,"minecraft:dark_oak_fence":34,"minecraft:jungle_planks":29,"minecraft:crimson_roots":13,"minecraft:red_mushroom":5,"minecraft:redstone_ore":14,"minecraft:andesite":54,"minecraft:potatoes":148,"minecraft:vine":3,"minecraft:rail":42,"minecraft:bamboo_sapling":1,"minecraft:bamboo":99,"minecraft:white_wool":20,"minecraft:smithing_table":1,"minecraft:oak_slab":22,"minecraft:birch_stairs":9,"minecraft:glass_pane":6,"minecraft:dandelion":10,"minecraft:cornflower":4,"minecraft:lightning_rod":1,"minecraft:tall_grass":15,"minecraft:copper_ore":16,"minecraft:deepslate_gold_ore":48,"minecraft:diorite":14,"minecraft:white_carpet":8,"minecraft:birch_leaves":4,"minecraft:gravel":64,"minecraft:gold_ore":13,"minecraft:fern":97,"minecraft:large_amethyst_bud":2,"minecraft:oak_sapling":1,"minecraft:potted_cactus":11,"minecraft:budding_amethyst":5,"minecraft:grass_block":285,"minecraft:smooth_stone":2,"minecraft:iron_ore":403,"minecraft:azure_bluet":3,"minecraft:dark_oak_stairs":27,"minecraft:deepslate_redstone_ore":38,"minecraft:medium_amethyst_bud":2,"minecraft:clay":12,"minecraft:poppy":12,"minecraft:chest":15,"minecraft:nether_quartz_ore":303,"minecraft:cobblestone":17,"minecraft:oak_planks":28,"minecraft:wall_torch":32,"minecraft:deepslate_copper_ore":8,"minecraft:dark_oak_slab":30,"minecraft:birch_log":104,"minecraft:smooth_stone_slab":4,"minecraft:oak_log":256,"minecraft:beetroots":2,"minecraft:sand":55,"minecraft:dirt":355,"minecraft:netherrack":67,"minecraft:oak_leaves":275,"minecraft:nether_gold_ore":58,"minecraft:tuff":19,"minecraft:dark_oak_leaves":14,"minecraft:deepslate_diamond_ore":57,"minecraft:oak_door":1,"minecraft:glow_lichen":1,"minecraft:light_blue_glazed_terracotta":12,"minecraft:birch_slab":1,"minecraft:sandstone":24,"minecraft:hay_block":35,"minecraft:oak_trapdoor":4,"minecraft:furnace":4,"minecraft:carrots":61,"minecraft:bell":1,"minecraft:nether_brick_fence":2,"minecraft:polished_deepslate":11,"minecraft:bookshelf":9,"minecraft:deepslate_iron_ore":157,"minecraft:lantern":1,"minecraft:stripped_oak_log":1,"minecraft:stone":673,"minecraft:scaffolding":67,"minecraft:crafting_table":8,"minecraft:rose_bush":40,"minecraft:lime_carpet":1,"minecraft:lectern":1,"minecraft:deepslate_coal_ore":1,"minecraft:lapis_ore":4,"minecraft:birch_planks":108,"minecraft:sea_pickle":6,"minecraft:white_wall_banner":1,"minecraft:coal_ore":252,"minecraft:cocoa":6,"minecraft:cherry_leaves":1,"minecraft:flower_pot":10},"minecraft:killed":{"minecraft:cave_spider":2,"minecraft:skeleton":116,"minecraft:chicken":3,"minecraft:magma_cube":95,"minecraft:salmon":5,"minecraft:pillager":213,"minecraft:zombie":193,"minecraft:glow_squid":2,"minecraft:cow":23,"minecraft:evoker":1,"minecraft:vindicator":3,"minecraft:husk":25,"minecraft:ravager":1,"minecraft:enderman":2,"minecraft:zombified_piglin":11,"minecraft:witch":6,"minecraft:spider":67,"minecraft:piglin":9,"minecraft:pig":14,"minecraft:zombie_villager":3,"minecraft:creeper":104,"minecraft:sheep":14,"minecraft:ghast":1,"minecraft:blaze":5,"minecraft:drowned":2,"minecraft:bat":1,"minecraft:hoglin":2,"minecraft:squid":10,"minecraft:wither_skeleton":3},"minecraft:picked_up":{"minecraft:suspicious_stew":5,"minecraft:chainmail_boots":1,"minecraft:flower_pot":27,"minecraft:smithing_table":1,"minecraft:lead":22,"minecraft:oak_stairs":79,"minecraft:amethyst_block":1,"minecraft:polished_deepslate":227,"minecraft:string":155,"minecraft:beetroot":6,"minecraft:gold_nugget":457,"minecraft:cobbled_deepslate":778,"minecraft:melon_slice":17,"minecraft:golden_helmet":2,"minecraft:pink_carpet":3,"minecraft:lightning_rod":1,"minecraft:cherry_log":28,"minecraft:stone_sword":4,"minecraft:iron_block":1,"minecraft:blaze_rod":10,"minecraft:birch_log":108,"minecraft:feather":2,"minecraft:cooked_beef":18,"minecraft:birch_slab":7,"minecraft:jungle_log":39,"minecraft:brown_wool":3,"minecraft:smoker":3,"minecraft:flint":9,"minecraft:map":2,"minecraft:lantern":16,"minecraft:dark_oak_sign":6,"magistuarmory:kastenbrust_chestplate":6,"minecraft:glowstone_dust":11,"magistuarmory:face_helmet":5,"minecraft:ink_sac":14,"minecraft:dark_oak_log":726,"magistuarmory:steel_estoc":2,"minecraft:granite":25,"magistuarmory:wood_pavese":1,"minecraft:cherry_slab":16,"minecraft:dark_oak_fence":102,"minecraft:crimson_roots":13,"minecraft:diamond_pickaxe":4,"minecraft:crafting_table":10,"minecraft:clay_ball":48,"minecraft:leather_leggings":2,"minecraft:cornflower":5,"minecraft:red_bed":5,"magistuarmory:ceremonial_chestplate":4,"minecraft:flint_and_steel":3,"minecraft:white_carpet":6,"minecraft:beef":87,"magistuarmory:ceremonial_boots":4,"minecraft:jungle_sapling":1,"minecraft:iron_nugget":115,"minecraft:poppy":13,"minecraft:chest":16,"minecraft:birch_sapling":15,"minecraft:egg":54,"minecraft:sandstone":28,"minecraft:raw_gold_block":6,"minecraft:oak_door":3,"magistuarmory:stone_claymore":17,"minecraft:carrot":279,"minecraft:redstone":258,"magistuarmory:steel_ingot":21,"minecraft:beetroot_seeds":35,"minecraft:shears":1,"minecraft:deepslate_bricks":146,"minecraft:hay_block":101,"minecraft:gold_ingot":1,"minecraft:totem_of_undying":7,"minecraft:mutton":47,"minecraft:rail":44,"minecraft:white_wool":60,"minecraft:oxeye_daisy":2,"minecraft:stripped_oak_log":1,"minecraft:red_mushroom":10,"minecraft:filled_map":2,"minecraft:oak_log":277,"minecraft:golden_boots":2,"minecraft:paper":30,"minecraft:white_banner":39,"minecraft:apple":34,"minecraft:stone_pickaxe":14,"minecraft:dark_oak_stairs":96,"minecraft:dark_oak_slab":113,"minecraft:milk_bucket":1,"epicfight:stone_greatsword":1,"minecraft:light_blue_glazed_terracotta":12,"minecraft:gravel":188,"minecraft:birch_stairs":17,"magistuarmory:longbow":22,"epicfight:uchigatana":3,"minecraft:coal_ore":256,"minecraft:stone_axe":21,"minecraft:gray_wool":2,"minecraft:oak_button":1,"minecraft:baked_potato":419,"minecraft:pink_dye":5,"minecraft:hopper":3,"minecraft:ender_pearl":12,"minecraft:music_disc_strad":1,"minecraft:wheat":189,"minecraft:lapis_block":3,"minecraft:raw_copper":152,"minecraft:smooth_stone_slab":8,"minecraft:armor_stand":2,"magistuarmory:iron_katzbalger":5,"minecraft:experience_bottle":4,"minecraft:oak_sign":4,"minecraft:sea_pickle":13,"minecraft:smooth_stone":2,"minecraft:rose_bush":76,"minecraft:redstone_torch":1,"minecraft:iron_pickaxe":28,"minecraft:furnace":5,"minecraft:stick":129,"minecraft:oak_fence":26,"minecraft:torch":89,"epicfight:skillbook":31,"minecraft:porkchop":68,"minecraft:diorite":27,"minecraft:cactus":11,"minecraft:rotten_flesh":1183,"epicfight:glove":1,"minecraft:deepslate_brick_stairs":1,"minecraft:obsidian":23,"minecraft:cobblestone":1411,"minecraft:leather_chestplate":1,"minecraft:magma_cream":38,"minecraft:andesite":68,"minecraft:golden_leggings":1,"minecraft:potato":535,"magistuarmory:ceremonialarmet":4,"minecraft:tuff":32,"minecraft:lapis_lazuli":279,"minecraft:dirt":1446,"minecraft:leather_boots":2,"minecraft:glass":33,"minecraft:bone":210,"minecraft:bow":10,"minecraft:wheat_seeds":631,"minecraft:raw_gold":66,"minecraft:bell":1,"magistuarmory:kastenbrust_leggings":6,"minecraft:bamboo":1771,"minecraft:oak_planks":317,"minecraft:stone_hoe":3,"minecraft:poisonous_potato":4,"minecraft:jungle_planks":58,"minecraft:sand":117,"minecraft:dead_bush":2,"minecraft:diamond_block":11,"minecraft:chiseled_sandstone":2,"minecraft:mossy_cobblestone":1,"minecraft:sugar":122,"minecraft:diamond":113,"minecraft:crossbow":30,"minecraft:bone_meal":22,"minecraft:emerald":25,"minecraft:oak_sapling":66,"minecraft:netherrack":64,"minecraft:oak_leaves":274,"minecraft:cocoa_beans":33,"minecraft:charcoal":4,"minecraft:azure_bluet":3,"minecraft:chicken":2,"minecraft:brown_mushroom":12,"minecraft:pink_wool":1,"minecraft:wooden_pickaxe":1,"minecraft:stone_brick_wall":2,"minecraft:chain":41,"epicfight:iron_tachi":14,"minecraft:oak_trapdoor":22,"minecraft:iron_axe":3,"minecraft:wooden_sword":1,"minecraft:oak_boat":1,"magistuarmory:knight_leggings":4,"minecraft:lectern":1,"minecraft:phantom_membrane":4,"minecraft:dark_oak_sapling":57,"magistuarmory:steel_target":2,"minecraft:raw_iron":1157,"minecraft:iron_horse_armor":2,"minecraft:dark_oak_planks":459,"minecraft:arrow":378,"minecraft:pumpkin_pie":9,"minecraft:golden_hoe":1,"minecraft:nether_bricks":1,"minecraft:saddle":7,"minecraft:glow_ink_sac":4,"minecraft:salmon":6,"minecraft:leather":57,"minecraft:birch_planks":399,"minecraft:crimson_fungus":2,"minecraft:gunpowder":184,"minecraft:orange_terracotta":1,"minecraft:coast_armor_trim_smithing_template":4,"magistuarmory:kastenbrust_boots":5,"minecraft:iron_ingot":23,"minecraft:book":29,"minecraft:oak_slab":90,"minecraft:scaffolding":212,"minecraft:pumpkin":43,"minecraft:stone_brick_slab":24,"minecraft:quartz":693,"minecraft:dandelion":13,"minecraft:raw_iron_block":128,"minecraft:amethyst_shard":92,"minecraft:white_bed":6,"minecraft:green_carpet":8,"minecraft:spider_eye":63,"epicfight:diamond_tachi":7,"minecraft:cherry_sapling":24,"minecraft:black_wool":4,"minecraft:coal":536},"minecraft:used":{"minecraft:beetroot":2,"minecraft:writable_book":6,"minecraft:poppy":1,"minecraft:ladder":5,"minecraft:chest":28,"minecraft:rotten_flesh":67,"minecraft:birch_sapling":3,"minecraft:dark_oak_slab":85,"magistuarmory:diamond_katzbalger":12,"minecraft:furnace":7,"minecraft:oak_sapling":2,"minecraft:egg":1,"minecraft:potato":161,"minecraft:diorite":6,"minecraft:wooden_pickaxe":6,"minecraft:leather_chestplate":1,"minecraft:oak_leaves":95,"minecraft:sand":68,"magistuarmory:knight_leggings":2,"minecraft:blast_furnace":6,"magistuarmory:longbow":123,"minecraft:deepslate_brick_stairs":3,"minecraft:lightning_rod":1,"minecraft:birch_slab":14,"minecraft:dark_oak_fence":13,"minecraft:oak_trapdoor":22,"minecraft:armor_stand":2,"minecraft:netherrack":48,"minecraft:torch":95,"minecraft:iron_block":1,"minecraft:iron_axe":373,"minecraft:cherry_slab":34,"epicfight:stone_greatsword":2,"minecraft:barrel":11,"minecraft:bamboo":1,"minecraft:cobbled_deepslate":47,"minecraft:orange_terracotta":1,"minecraft:wheat_seeds":503,"magistuarmory:iron_katzbalger":249,"minecraft:birch_planks":403,"minecraft:lead":2,"minecraft:deepslate_bricks":43,"minecraft:oak_slab":56,"minecraft:crafting_table":11,"minecraft:red_bed":4,"magistuarmory:stone_claymore":80,"minecraft:white_bed":6,"minecraft:oak_log":63,"minecraft:diamond_pickaxe":482,"magistuarmory:wood_pavese":1,"minecraft:suspicious_stew":2,"minecraft:iron_pickaxe":1508,"magistuarmory:kastenbrust_chestplate":1,"minecraft:cobblestone":107,"minecraft:porkchop":6,"minecraft:glass_pane":65,"minecraft:dandelion":3,"epicfight:uchigatana":59,"minecraft:cherry_sapling":26,"minecraft:polished_deepslate":87,"minecraft:bell":1,"minecraft:jungle_planks":90,"minecraft:carrot":63,"minecraft:tuff":1,"minecraft:milk_bucket":8,"minecraft:obsidian":5,"minecraft:glass":33,"minecraft:lantern":20,"magistuarmory:ceremonialarmet":1,"minecraft:hay_block":2,"minecraft:scaffolding":222,"minecraft:dark_oak_sapling":46,"minecraft:dark_oak_stairs":122,"epicfight:skillbook":15,"minecraft:dark_oak_sign":6,"minecraft:stone_pickaxe":1181,"minecraft:oak_planks":95,"minecraft:sandstone":26,"magistuarmory:ceremonial_chestplate":2,"minecraft:crossbow":4,"minecraft:stone_brick_wall":2,"minecraft:black_bed":1,"minecraft:shears":195,"epicfight:iron_tachi":503,"minecraft:bread":2,"minecraft:gravel":37,"epicfight:diamond_dagger":25,"minecraft:andesite":12,"minecraft:bone_meal":30,"minecraft:experience_bottle":2,"minecraft:oak_fence":26,"minecraft:rose_bush":17,"minecraft:stone_shovel":75,"minecraft:stone_hoe":33,"minecraft:cooked_chicken":1,"minecraft:oak_door":3,"minecraft:dirt":899,"minecraft:white_carpet":14,"minecraft:hopper":2,"minecraft:pink_carpet":3,"minecraft:stone_brick_slab":12,"minecraft:dark_oak_planks":450,"minecraft:oak_stairs":145,"minecraft:cherry_trapdoor":4,"epicfight:glove":54,"epicfight:diamond_tachi":1334,"minecraft:cooked_beef":1,"minecraft:cooked_mutton":10,"magistuarmory:steel_estoc":5,"minecraft:baked_potato":315,"magistuarmory:ceremonial_boots":2,"magistuarmory:diamond_flamebladedsword":8,"minecraft:smoker":7,"minecraft:flower_pot":14,"minecraft:stone_axe":1045,"minecraft:white_banner":3,"minecraft:jungle_door":2,"minecraft:bucket":1,"minecraft:pumpkin_pie":9,"minecraft:smooth_stone":2,"minecraft:birch_stairs":25}},"DataVersion":3465}