{"stats":{"minecraft:dropped":{"magistuarmory:ceremonial_boots":1,"minecraft:crossbow":2,"magistuarmory:steel_target":1,"magistuarmory:longbow":3,"minecraft:dirt":4,"minecraft:gold_nugget":19,"minecraft:bone_meal":1,"minecraft:phantom_membrane":2,"minecraft:sand":30,"minecraft:iron_pickaxe":2,"minecraft:white_wool":1,"minecraft:bone":42,"minecraft:stone_axe":2,"minecraft:sugar_cane":512,"minecraft:diamond_block":11,"minecraft:cobbled_deepslate":1,"minecraft:rotten_flesh":40,"minecraft:coal_ore":128,"minecraft:hopper":1,"epicfight:glove":1,"magistuarmory:steel_zweihander":1,"minecraft:egg":37,"minecraft:iron_ingot":5,"minecraft:wheat_seeds":50,"minecraft:prismarine_crystals":4,"minecraft:coal":128,"magistuarmory:steel_ingot":21,"minecraft:golden_hoe":1,"minecraft:white_banner":2,"magistuarmory:rustedbarbute":2,"minecraft:string":15,"magistuarmory:steel_concavehalberd":2,"magistuarmory:knight_leggings":1,"minecraft:stone_sword":10,"epicfight:diamond_tachi":2,"magistuarmory:cuirassier_boots":1,"minecraft:suspicious_stew":1,"minecraft:potato":4,"minecraft:diamond_pickaxe":2,"magistuarmory:wood_pavese":1,"magistuarmory:ceremonial_chestplate":1,"minecraft:spider_eye":6,"minecraft:sandstone":26,"minecraft:bow":2,"epicfight:skillbook":14,"magistuarmory:steel_estoc":1,"minecraft:baked_potato":134,"minecraft:ender_pearl":3,"minecraft:leather":19,"minecraft:jungle_planks":5,"minecraft:raw_gold_block":6,"minecraft:flint":2,"minecraft:cobblestone_stairs":3,"minecraft:crimson_roots":13,"minecraft:armor_stand":1,"minecraft:gravel":18,"minecraft:blackstone":28,"minecraft:carrot":83,"minecraft:mushroom_stem":5,"minecraft:gunpowder":5,"minecraft:basalt":1,"minecraft:arrow":1,"minecraft:quartz":4,"minecraft:netherrack":61,"minecraft:water_bucket":1,"minecraft:bread":10,"minecraft:stripped_spruce_log":1192,"minecraft:lead":3,"magistuarmory:ceremonialarmet":1,"minecraft:map":2,"epicfight:stone_greatsword":1,"minecraft:raw_iron_block":128,"minecraft:lapis_block":3,"minecraft:dandelion":1,"minecraft:chiseled_sandstone":2,"minecraft:smooth_basalt":4,"minecraft:redstone":8,"minecraft:kelp":1,"epicfight:uchigatana":2,"minecraft:blaze_rod":7,"minecraft:deepslate_bricks":19,"minecraft:filled_map":4,"minecraft:andesite":6,"minecraft:oak_boat":1,"minecraft:raw_gold":1,"minecraft:calcite":3},"minecraft:killed_by":{"minecraft:pillager":2,"minecraft:vindicator":1,"minecraft:zombie":1,"minecraft:vex":3,"minecraft:creeper":3,"minecraft:enderman":1,"minecraft:skeleton":1},"minecraft:crafted":{"minecraft:ender_chest":2,"minecraft:black_dye":4,"minecraft:smooth_stone":12,"minecraft:jungle_fence_gate":8,"minecraft:oak_sign":6,"magistuarmory:steel_ellipticalshield":2,"minecraft:blaze_powder":22,"minecraft:loom":1,"minecraft:slime_block":1,"minecraft:lever":7,"minecraft:bookshelf":14,"minecraft:cooked_mutton":27,"minecraft:glass":206,"magistuarmory:steel_shortsword":1,"minecraft:melon_seeds":11,"magistuarmory:wood_ellipticalshield":1,"minecraft:dried_kelp_block":39,"magistuarmory:small_steel_plate":8,"minecraft:glass_bottle":18,"minecraft:emerald":28,"minecraft:cooked_porkchop":59,"minecraft:diamond_axe":1,"magistuarmory:ceremonial_chestplate":3,"minecraft:smithing_table":1,"magistuarmory:bullhorns_decoration":1,"minecraft:clock":1,"minecraft:copper_ingot":8,"minecraft:sticky_piston":7,"minecraft:hay_block":15,"minecraft:polished_deepslate_slab":56,"minecraft:lectern":4,"minecraft:stone_slab":2,"minecraft:compass":4,"minecraft:iron_pickaxe":9,"minecraft:iron_block":16,"minecraft:gold_ingot":182,"minecraft:sandstone":14,"minecraft:composter":5,"magistuarmory:stone_heatershield":1,"minecraft:stone_shovel":4,"minecraft:smooth_stone_slab":6,"minecraft:spyglass":1,"minecraft:polished_deepslate_stairs":2,"magistuarmory:wood_heatershield":1,"minecraft:bone_meal":48,"magistuarmory:longbow":2,"minecraft:stone_pickaxe":8,"magistuarmory:woolen_fabric":8,"minecraft:redstone_block":28,"minecraft:jungle_fence":81,"magistuarmory:steel_ring":120,"minecraft:dark_oak_planks":32,"magistuarmory:steel_plate":54,"minecraft:wheat":18,"minecraft:coal_block":26,"minecraft:crossbow":11,"minecraft:skull_banner_pattern":1,"minecraft:enchanting_table":1,"minecraft:dried_kelp":318,"minecraft:light_blue_wool":24,"minecraft:blue_bed":1,"magistuarmory:greathelm":1,"epicfight:stone_greatsword":4,"minecraft:enchanted_book":14,"minecraft:golden_apple":9,"minecraft:fermented_spider_eye":11,"minecraft:iron_shovel":2,"minecraft:deepslate_tile_stairs":3,"minecraft:armor_stand":4,"minecraft:grindstone":1,"minecraft:oak_planks":468,"minecraft:cobblestone_slab":114,"minecraft:barrel":9,"magistuarmory:ceremonialarmet":3,"minecraft:dark_oak_boat":1,"minecraft:cooked_chicken":4,"minecraft:lightning_rod":1,"minecraft:stone":55,"minecraft:light_blue_banner":8,"magistuarmory:diamond_zweihander":1,"minecraft:bamboo_block":36,"minecraft:hopper":2,"minecraft:bow":4,"minecraft:chest":1,"minecraft:oak_button":2,"minecraft:copper_block":7,"magistuarmory:pole":1,"minecraft:stone_hoe":3,"minecraft:ender_eye":2,"minecraft:stone_bricks":48,"minecraft:golden_sword":3,"minecraft:smoker":2,"magistuarmory:crusader_boots":1,"magistuarmory:steel_nugget":90,"minecraft:dropper":1,"minecraft:oak_slab":84,"minecraft:item_frame":1,"magistuarmory:diamond_shortsword":1,"minecraft:cauldron":1,"minecraft:map":4,"minecraft:crafting_table":7,"minecraft:wooden_pickaxe":1,"minecraft:baked_potato":516,"magistuarmory:steel_estoc":1,"magistuarmory:steel_concavehalberd":1,"magistuarmory:crusader_leggings":1,"minecraft:gold_block":18,"minecraft:brewing_stand":1,"magistuarmory:wood_pavese":2,"magistuarmory:halfarmor_chestplate":2,"minecraft:book":59,"minecraft:paper":489,"minecraft:diamond_pickaxe":2,"minecraft:shield":1,"minecraft:stick":224,"minecraft:light_blue_dye":26,"minecraft:iron_ingot":111,"magistuarmory:steel_chainmail":12,"minecraft:redstone_torch":2,"minecraft:deepslate_tile_slab":18,"magistuarmory:leather_strip":18,"minecraft:polished_andesite":64,"minecraft:oak_door":3,"minecraft:redstone":90,"minecraft:coal":36,"minecraft:fishing_rod":1,"magistuarmory:knight_boots":3,"magistuarmory:lily_decoration":1,"minecraft:furnace":8,"minecraft:blast_furnace":3,"minecraft:piston":7,"epicfight:glove":1,"minecraft:oak_trapdoor":30,"minecraft:flint_and_steel":1,"magistuarmory:hilt":7,"minecraft:polished_deepslate":733,"magistuarmory:knight_leggings":2,"minecraft:iron_axe":4,"magistuarmory:steel_ingot":133,"magistuarmory:steel_pavese":2,"magistuarmory:barbute":3,"magistuarmory:gilding_template":9,"magistuarmory:diamond_flamebladedsword":1,"minecraft:minecart":2,"minecraft:cooked_beef":206,"minecraft:sugar":9,"minecraft:cooked_cod":2,"minecraft:powered_rail":6,"magistuarmory:platemail_chestplate":1,"minecraft:cooked_salmon":4,"magistuarmory:knight_chestplate":2,"minecraft:bucket":1,"minecraft:stone_axe":4,"minecraft:amethyst_block":4,"minecraft:air":0,"minecraft:bread":42,"minecraft:jungle_planks":212,"minecraft:blue_dye":29,"minecraft:oak_boat":2,"magistuarmory:ceremonial_boots":3,"minecraft:white_wool":15,"minecraft:gold_nugget":1,"minecraft:white_dye":15,"minecraft:blue_wool":6,"minecraft:anvil":1,"magistuarmory:armet":3,"magistuarmory:crusader_chestplate":1,"minecraft:torch":184,"minecraft:lapis_lazuli":135,"minecraft:lapis_block":14},"minecraft:killed":{"minecraft:cod":6,"minecraft:skeleton":136,"minecraft:chicken":10,"minecraft:magma_cube":340,"minecraft:salmon":50,"minecraft:pillager":166,"minecraft:zombie":296,"minecraft:cow":23,"minecraft:evoker":3,"minecraft:vindicator":18,"minecraft:husk":77,"minecraft:rabbit":1,"minecraft:ravager":5,"minecraft:enderman":19,"minecraft:zombified_piglin":11,"minecraft:witch":5,"minecraft:spider":125,"minecraft:piglin":41,"minecraft:pig":12,"minecraft:zombie_villager":6,"minecraft:creeper":133,"minecraft:sheep":4,"minecraft:trader_llama":8,"minecraft:ghast":9,"minecraft:blaze":83,"minecraft:phantom":16,"minecraft:drowned":9,"minecraft:hoglin":9,"minecraft:squid":6,"minecraft:wither_skeleton":60,"minecraft:villager":1},"minecraft:custom":{"minecraft:interact_with_crafting_table":291,"minecraft:open_barrel":1065,"minecraft:bell_ring":17,"minecraft:leave_game":20,"minecraft:time_since_death":68136,"minecraft:damage_blocked_by_shield":840,"minecraft:play_time":2477272,"minecraft:deaths":12,"minecraft:jump":19801,"minecraft:enchant_item":22,"minecraft:interact_with_furnace":147,"minecraft:traded_with_villager":45,"minecraft:interact_with_cartography_table":12,"minecraft:sleep_in_bed":47,"minecraft:damage_dealt":225129,"minecraft:interact_with_smoker":194,"minecraft:horse_one_cm":6154955,"minecraft:interact_with_smithing_table":8,"minecraft:inspect_dropper":17,"minecraft:interact_with_anvil":8,"minecraft:inspect_hopper":2,"minecraft:damage_dealt_absorbed":20450,"minecraft:sneak_time":63820,"minecraft:interact_with_blast_furnace":97,"minecraft:total_world_time":2477272,"minecraft:interact_with_stonecutter":19,"minecraft:time_since_rest":4657,"minecraft:swim_one_cm":530205,"minecraft:fly_one_cm":7490903,"minecraft:open_chest":668,"minecraft:fish_caught":4,"minecraft:fall_one_cm":489646,"minecraft:animals_bred":244,"minecraft:sprint_one_cm":9398123,"minecraft:drop":238,"minecraft:talked_to_villager":181,"minecraft:interact_with_brewingstand":40,"minecraft:walk_on_water_one_cm":278526,"minecraft:interact_with_loom":7,"minecraft:open_enderchest":14,"minecraft:player_kills":4,"minecraft:crouch_one_cm":284280,"minecraft:mob_kills":1705,"minecraft:climb_one_cm":56603,"minecraft:walk_one_cm":16568799,"minecraft:raid_win":2,"minecraft:walk_under_water_one_cm":311612,"minecraft:boat_one_cm":667560,"minecraft:raid_trigger":2,"minecraft:pot_flower":2,"minecraft:interact_with_grindstone":16,"minecraft:damage_taken":21986,"minecraft:damage_absorbed":80},"minecraft:picked_up":{"minecraft:suspicious_stew":1,"minecraft:flower_pot":2,"minecraft:anvil":1,"minecraft:smithing_table":29,"minecraft:lead":43,"magistuarmory:barding":1,"minecraft:enchanted_book":1,"minecraft:brewing_stand":1,"minecraft:golden_sword":4,"minecraft:amethyst_block":22,"minecraft:polished_deepslate":78,"minecraft:string":161,"minecraft:cooked_salmon":2,"minecraft:gold_nugget":832,"minecraft:cobbled_deepslate":669,"minecraft:melon_slice":187,"magistuarmory:crusader_leggings":1,"minecraft:golden_helmet":1,"minecraft:composter":21,"minecraft:green_bed":5,"minecraft:golden_axe":1,"minecraft:cherry_log":5,"minecraft:golden_chestplate":1,"minecraft:stone_sword":10,"magistuarmory:stone_heatershield":1,"minecraft:blaze_rod":135,"minecraft:feather":21,"minecraft:magma_block":32,"minecraft:cooked_beef":21,"magistuarmory:steel_ring":5,"magistuarmory:rustedchainmail_boots":1,"minecraft:water_bucket":6,"minecraft:jungle_log":52,"minecraft:dark_oak_boat":10,"minecraft:smoker":2,"minecraft:flint":5,"minecraft:stonecutter":6,"minecraft:rabbit":5,"minecraft:glowstone_dust":10,"minecraft:ink_sac":36,"minecraft:dark_oak_log":8,"minecraft:barrel":3,"magistuarmory:crusader_chestplate":3,"magistuarmory:steel_estoc":3,"minecraft:granite":17,"magistuarmory:wood_pavese":2,"minecraft:golden_horse_armor":1,"minecraft:chainmail_helmet":1,"minecraft:diamond_pickaxe":4,"minecraft:crimson_roots":13,"minecraft:crafting_table":12,"minecraft:nether_wart":73,"minecraft:leather_leggings":1,"minecraft:golden_pickaxe":1,"minecraft:cornflower":2,"minecraft:flint_and_steel":3,"minecraft:cartography_table":1,"minecraft:beef":107,"magistuarmory:crusader_boots":1,"minecraft:jungle_sapling":7,"minecraft:poppy":5,"minecraft:minecart":19,"minecraft:chest":25,"minecraft:egg":62,"minecraft:sandstone":268,"minecraft:oak_door":6,"magistuarmory:rustedbarbute":2,"minecraft:jungle_fence_gate":2,"minecraft:carrot":737,"minecraft:redstone":311,"minecraft:tnt":36,"magistuarmory:steel_ingot":22,"minecraft:stone_shovel":1,"minecraft:cooked_cod":2,"minecraft:deepslate_bricks":19,"minecraft:hay_block":47,"magistuarmory:steel_zweihander":1,"minecraft:gold_ingot":37,"minecraft:totem_of_undying":3,"minecraft:mutton":23,"minecraft:white_wool":4,"minecraft:bone_block":69,"minecraft:rail":88,"minecraft:oxeye_daisy":3,"minecraft:jungle_fence":3,"minecraft:filled_map":1,"magistuarmory:small_steel_plate":5,"minecraft:oak_log":192,"minecraft:blue_bed":3,"minecraft:paper":64,"minecraft:white_banner":39,"minecraft:light_blue_banner":5,"minecraft:apple":11,"minecraft:kelp":626,"minecraft:stone_pickaxe":10,"minecraft:glass_bottle":3,"minecraft:iron_sword":1,"minecraft:smooth_basalt":4,"epicfight:stone_greatsword":12,"minecraft:spyglass":4,"minecraft:gravel":58,"magistuarmory:longbow":12,"magistuarmory:rustednorman_helmet":1,"epicfight:uchigatana":7,"magistuarmory:rustedchainmail_leggings":1,"minecraft:coal_ore":128,"minecraft:stone_axe":10,"minecraft:diamond_axe":1,"minecraft:baked_potato":250,"minecraft:ender_pearl":26,"minecraft:wheat":350,"minecraft:potion":6,"minecraft:raw_copper":14,"minecraft:sea_pickle":14,"minecraft:redstone_torch":3,"minecraft:cobblestone_slab":2,"minecraft:calcite":3,"minecraft:iron_pickaxe":5,"minecraft:furnace":3,"minecraft:stick":187,"minecraft:jungle_door":2,"minecraft:polished_deepslate_stairs":1,"minecraft:torch":148,"epicfight:skillbook":45,"minecraft:porkchop":110,"magistuarmory:diamond_flamebladedsword":1,"minecraft:cactus":20,"minecraft:rotten_flesh":713,"minecraft:deepslate_brick_stairs":6,"minecraft:obsidian":27,"minecraft:cod":6,"minecraft:cobblestone":901,"minecraft:magma_cream":150,"minecraft:andesite":28,"minecraft:golden_leggings":1,"minecraft:potato":991,"minecraft:tuff":24,"minecraft:wither_skeleton_skull":2,"minecraft:lapis_lazuli":160,"minecraft:dirt":1492,"minecraft:bone":393,"minecraft:bow":22,"minecraft:wheat_seeds":1075,"minecraft:raw_gold":40,"minecraft:bamboo":444,"minecraft:powered_rail":4,"minecraft:oak_planks":182,"minecraft:stone_hoe":1,"minecraft:ghast_tear":1,"minecraft:cooked_porkchop":24,"minecraft:poisonous_potato":8,"minecraft:sand":686,"minecraft:jungle_planks":190,"magistuarmory:steel_pavese":7,"minecraft:grass_block":3,"minecraft:cyan_bed":2,"magistuarmory:rustedgreathelm":1,"minecraft:chiseled_sandstone":6,"minecraft:sugar":10,"magistuarmory:greathelm":2,"minecraft:diamond":31,"minecraft:crossbow":23,"minecraft:bone_meal":13,"minecraft:golden_apple":1,"minecraft:emerald":54,"minecraft:oak_sapling":132,"minecraft:netherrack":377,"minecraft:fishing_rod":1,"minecraft:cocoa_beans":39,"minecraft:azure_bluet":2,"minecraft:chicken":18,"minecraft:ladder":1,"minecraft:brown_mushroom":22,"minecraft:wooden_pickaxe":1,"minecraft:gold_block":2,"minecraft:diamond_horse_armor":1,"minecraft:shield":3,"minecraft:oak_trapdoor":1,"minecraft:iron_axe":4,"minecraft:blackstone":35,"minecraft:oak_boat":54,"magistuarmory:knight_leggings":1,"minecraft:lectern":60,"minecraft:sugar_cane":2598,"minecraft:phantom_membrane":21,"minecraft:raw_iron":163,"magistuarmory:steel_target":1,"minecraft:copper_ingot":2,"minecraft:iron_horse_armor":2,"minecraft:stone_pressure_plate":3,"minecraft:dark_oak_planks":161,"magistuarmory:cuirassier_boots":1,"minecraft:arrow":376,"minecraft:weeping_vines":1,"magistuarmory:steel_plate":1,"minecraft:pumpkin_pie":17,"minecraft:saddle":18,"minecraft:basalt":494,"minecraft:salmon":50,"minecraft:cut_sandstone":18,"minecraft:leather":60,"minecraft:chainmail_chestplate":2,"minecraft:yellow_bed":2,"minecraft:gunpowder":238,"minecraft:cobblestone_stairs":12,"minecraft:orange_terracotta":2,"minecraft:coast_armor_trim_smithing_template":2,"minecraft:rabbit_hide":1,"minecraft:heart_of_the_sea":1,"minecraft:iron_ingot":190,"minecraft:soul_sand":65,"minecraft:book":1,"minecraft:oak_slab":2,"minecraft:warped_fungus":5,"minecraft:pumpkin":139,"minecraft:quartz":104,"minecraft:dandelion":7,"magistuarmory:knight_chestplate":1,"minecraft:amethyst_shard":76,"minecraft:blast_furnace":5,"minecraft:white_bed":13,"minecraft:green_carpet":5,"minecraft:spider_eye":72,"minecraft:stripped_jungle_log":1,"epicfight:diamond_tachi":2,"magistuarmory:rusted_bastardsword":1,"magistuarmory:steel_concavehalberd":7,"minecraft:coal":788,"magistuarmory:steel_nugget":25},"minecraft:broken":{"magistuarmory:greathelm":1,"magistuarmory:crusader_chestplate":1,"minecraft:stone_hoe":2,"magistuarmory:ceremonialarmet":1,"minecraft:iron_axe":1,"minecraft:iron_pickaxe":7,"epicfight:stone_greatsword":2,"minecraft:iron_shovel":2,"minecraft:stone_pickaxe":5,"minecraft:stone_axe":1,"minecraft:stone_shovel":2,"magistuarmory:ceremonial_boots":1,"magistuarmory:steel_estoc":1,"magistuarmory:ceremonial_chestplate":1},"minecraft:used":{"minecraft:orange_dye":2,"minecraft:poppy":5,"minecraft:ladder":4,"minecraft:chest":18,"minecraft:stone":18,"minecraft:rotten_flesh":57,"minecraft:soul_sand":29,"minecraft:cocoa_beans":11,"magistuarmory:steel_pavese":27,"minecraft:azure_bluet":2,"minecraft:jungle_sapling":1,"minecraft:lava_bucket":5,"minecraft:jungle_fence_gate":10,"minecraft:grass_block":5,"minecraft:polished_andesite_stairs":137,"minecraft:oak_sapling":121,"minecraft:dark_oak_boat":10,"minecraft:furnace":6,"minecraft:cooked_cod":2,"minecraft:egg":1,"minecraft:potato":511,"minecraft:leather_leggings":1,"minecraft:powered_rail":10,"minecraft:blackstone":7,"minecraft:wooden_pickaxe":8,"minecraft:composter":25,"minecraft:blue_dye":1,"minecraft:sand":295,"minecraft:blast_furnace":8,"magistuarmory:longbow":197,"minecraft:deepslate_brick_stairs":136,"minecraft:lightning_rod":9,"minecraft:chiseled_sandstone":4,"minecraft:lectern":64,"minecraft:polished_andesite_slab":188,"minecraft:smithing_table":30,"minecraft:oak_boat":50,"minecraft:oak_hanging_sign":2,"minecraft:oak_trapdoor":30,"minecraft:enchanting_table":2,"minecraft:armor_stand":3,"minecraft:netherrack":319,"minecraft:torch":255,"minecraft:brewing_stand":4,"minecraft:warped_wart_block":6,"minecraft:anvil":3,"minecraft:light_blue_dye":3,"minecraft:polished_diorite":109,"minecraft:iron_axe":271,"minecraft:lime_dye":2,"minecraft:totem_of_undying":2,"minecraft:barrel":12,"epicfight:stone_greatsword":400,"minecraft:melon_seeds":4,"minecraft:bamboo":29,"minecraft:glowstone":78,"minecraft:basalt":493,"minecraft:beef":2,"magistuarmory:crusader_leggings":1,"minecraft:cobbled_deepslate":15,"minecraft:orange_terracotta":2,"minecraft:wheat_seeds":770,"minecraft:water_bucket":160,"minecraft:cartography_table":1,"minecraft:glow_ink_sac":5,"minecraft:salmon":1,"minecraft:polished_deepslate_slab":170,"minecraft:rail":123,"minecraft:oak_slab":8,"minecraft:crafting_table":16,"minecraft:white_bed":12,"minecraft:oak_log":9,"minecraft:yellow_dye":2,"minecraft:diamond_pickaxe":89,"minecraft:oxeye_daisy":3,"minecraft:iron_pickaxe":2857,"magistuarmory:wood_pavese":3,"minecraft:oak_button":2,"minecraft:suspicious_stew":1,"minecraft:leather_helmet":1,"minecraft:green_carpet":3,"minecraft:cobblestone":345,"minecraft:potion":1,"minecraft:cooked_porkchop":16,"magistuarmory:knight_chestplate":1,"minecraft:kelp":29,"minecraft:dandelion":7,"epicfight:uchigatana":2038,"minecraft:light_blue_banner":10,"minecraft:iron_shovel":500,"minecraft:polished_deepslate":464,"minecraft:oak_sign":12,"minecraft:bone_block":25,"minecraft:shield":2,"minecraft:iron_sword":3,"minecraft:nether_wart":45,"minecraft:carrot":376,"minecraft:deepslate_tile_slab":18,"minecraft:tuff":17,"minecraft:obsidian":14,"minecraft:milk_bucket":2,"minecraft:polished_deepslate_stairs":3,"minecraft:glass":188,"magistuarmory:steel_concavehalberd":101,"minecraft:warped_nylium":1,"minecraft:stone_bricks":48,"minecraft:item_frame":1,"minecraft:spruce_hanging_sign":1,"minecraft:warped_fungus":1,"minecraft:hay_block":1,"epicfight:skillbook":38,"minecraft:dropper":1,"minecraft:stone_pickaxe":851,"minecraft:jungle_fence":82,"minecraft:oak_planks":72,"minecraft:polished_diorite_slab":4,"minecraft:sandstone":11,"minecraft:sugar_cane":310,"minecraft:diamond_axe":97,"minecraft:blue_bed":4,"magistuarmory:ceremonial_chestplate":1,"minecraft:loom":1,"minecraft:crossbow":2,"minecraft:lingering_potion":4,"minecraft:redstone_torch":5,"minecraft:sticky_piston":7,"minecraft:lever":7,"minecraft:melon_slice":71,"minecraft:bread":16,"minecraft:cyan_bed":2,"minecraft:string":1,"minecraft:gravel":17,"minecraft:grindstone":4,"minecraft:andesite":2,"minecraft:chain":5,"minecraft:smooth_stone_slab":1,"minecraft:bone_meal":40,"minecraft:rose_bush":1,"minecraft:flint_and_steel":5,"minecraft:stone_shovel":345,"minecraft:redstone":9,"minecraft:ender_chest":1,"minecraft:stone_hoe":411,"minecraft:cooked_chicken":2,"minecraft:oak_door":8,"minecraft:spyglass":57,"minecraft:dirt":1266,"minecraft:hopper":1,"magistuarmory:stone_heatershield":1,"magistuarmory:greathelm":1,"minecraft:salmon_bucket":1,"minecraft:granite":13,"minecraft:dark_oak_planks":14,"minecraft:bookshelf":37,"epicfight:glove":11,"minecraft:deepslate_tile_stairs":3,"minecraft:minecart":19,"minecraft:stone_pressure_plate":2,"minecraft:cooked_beef":67,"minecraft:red_dye":2,"minecraft:cooked_mutton":4,"magistuarmory:steel_estoc":444,"minecraft:amethyst_block":26,"minecraft:cobblestone_stairs":21,"magistuarmory:steel_ellipticalshield":3,"minecraft:dark_oak_hanging_sign":1,"minecraft:glass_bottle":15,"minecraft:polished_andesite":674,"minecraft:baked_potato":309,"minecraft:cut_sandstone":3,"magistuarmory:ceremonial_boots":1,"minecraft:stonecutter":6,"minecraft:green_bed":5,"minecraft:cobblestone_slab":116,"magistuarmory:diamond_flamebladedsword":41,"minecraft:painting":13,"minecraft:smoker":4,"minecraft:flower_pot":2,"minecraft:map":2,"minecraft:stone_axe":280,"minecraft:fishing_rod":4,"minecraft:white_banner":7,"minecraft:jungle_door":2,"minecraft:bucket":166,"minecraft:yellow_bed":2,"minecraft:pumpkin_pie":9,"minecraft:sea_pickle":14,"minecraft:splash_potion":9},"minecraft:mined":{"minecraft:dark_oak_planks":5,"minecraft:white_bed":13,"minecraft:jungle_leaves":6,"minecraft:obsidian":22,"minecraft:granite":22,"minecraft:jungle_log":51,"minecraft:nether_wart":32,"minecraft:oxeye_daisy":2,"minecraft:weeping_vines_plant":2,"minecraft:tall_seagrass":2,"minecraft:magma_block":32,"minecraft:cobbled_deepslate":3,"minecraft:fire":98,"minecraft:barrel":3,"minecraft:pumpkin":25,"minecraft:deepslate_lapis_ore":16,"minecraft:deepslate_brick_stairs":6,"minecraft:green_carpet":3,"minecraft:cut_sandstone":12,"minecraft:brown_mushroom":22,"minecraft:kelp_plant":94,"minecraft:smoker":2,"minecraft:crimson_nylium":26,"minecraft:amethyst_cluster":19,"minecraft:torch":29,"minecraft:blast_furnace":5,"minecraft:melon":27,"minecraft:dead_bush":4,"minecraft:glass":4,"minecraft:cyan_bed":2,"minecraft:sugar_cane":915,"minecraft:amethyst_block":22,"minecraft:wheat":360,"minecraft:warped_fungus":5,"minecraft:grass":323,"minecraft:smooth_basalt":3,"minecraft:stonecutter":6,"minecraft:deepslate":588,"minecraft:dark_oak_log":8,"minecraft:jungle_planks":60,"minecraft:redstone_wire":2,"minecraft:cartography_table":1,"minecraft:kelp":13,"minecraft:redstone_ore":1,"minecraft:andesite":29,"minecraft:potatoes":261,"minecraft:cobblestone_slab":2,"minecraft:vine":17,"minecraft:rail":82,"minecraft:bamboo":36,"minecraft:bone_block":69,"minecraft:smithing_table":29,"minecraft:oak_slab":2,"minecraft:soul_sand":65,"minecraft:dandelion":7,"minecraft:cornflower":2,"minecraft:tall_grass":15,"minecraft:copper_ore":6,"minecraft:deepslate_gold_ore":33,"minecraft:diorite":1,"minecraft:jungle_fence":3,"minecraft:gravel":37,"minecraft:fern":48,"minecraft:large_amethyst_bud":1,"minecraft:stone_pressure_plate":3,"minecraft:oak_sapling":6,"minecraft:farmland":6,"minecraft:cobblestone_stairs":8,"minecraft:potted_cactus":1,"minecraft:brewing_stand":1,"minecraft:grass_block":493,"minecraft:composter":21,"minecraft:iron_ore":39,"minecraft:anvil":1,"minecraft:azure_bluet":2,"minecraft:green_bed":5,"minecraft:deepslate_redstone_ore":50,"minecraft:blackstone":35,"minecraft:polished_deepslate_stairs":1,"minecraft:orange_terracotta":3,"minecraft:calcite":3,"minecraft:poppy":2,"minecraft:chest":23,"minecraft:nether_quartz_ore":110,"minecraft:cobblestone":80,"minecraft:oak_planks":100,"minecraft:light_blue_banner":4,"minecraft:wall_torch":34,"minecraft:seagrass":1,"minecraft:powered_rail":4,"minecraft:tnt":27,"minecraft:oak_log":192,"minecraft:sand":595,"minecraft:dirt":567,"minecraft:netherrack":516,"minecraft:oak_leaves":151,"magistuarmory:pavise":9,"minecraft:nether_gold_ore":188,"minecraft:tuff":24,"minecraft:deepslate_diamond_ore":19,"minecraft:oak_door":1,"minecraft:glow_lichen":1,"minecraft:ladder":1,"minecraft:sandstone":198,"minecraft:hay_block":47,"minecraft:light_blue_wall_banner":1,"minecraft:oak_trapdoor":1,"minecraft:furnace":2,"minecraft:carrots":216,"minecraft:chiseled_sandstone":4,"minecraft:gold_block":2,"minecraft:polished_deepslate":50,"minecraft:deepslate_iron_ore":53,"minecraft:stripped_jungle_log":1,"minecraft:stone":648,"minecraft:jungle_fence_gate":2,"minecraft:basalt":509,"minecraft:crafting_table":10,"minecraft:rose_bush":1,"minecraft:lectern":60,"minecraft:deepslate_coal_ore":3,"minecraft:lapis_ore":4,"minecraft:blue_bed":3,"minecraft:cactus":6,"minecraft:sea_pickle":6,"minecraft:redstone_torch":3,"minecraft:white_wall_banner":4,"minecraft:yellow_bed":2,"minecraft:coal_ore":236,"minecraft:cocoa":5}},"DataVersion":3465}